local_id,county_id,county_dist_id,school_id,record_type,school_name,dist_name,county_name,enrollment_12,test_takers,avg_read,avg_eng,avg_math,avg_sci,abv_avg_num,abv_avg_pct,year
1611190000000.0,1.0,161119.0,,D,,Alameda Unified,Alameda,919.0,155.0,27,26,26,25,134,86.45,2019
1611270000000.0,1.0,161127.0,,D,,Albany City Unified,Alameda,307.0,58.0,28,27,27,26,51,87.93,2019
1611430000000.0,1.0,161143.0,,D,,Berkeley Unified,Alameda,820.0,227.0,26,25,25,24,166,73.13,2019
1611500000000.0,1.0,161150.0,,D,,Castro Valley Unified,Alameda,737.0,106.0,26,25,25,25,82,77.36,2019
1611760000000.0,1.0,161176.0,,D,,Fremont Unified,Alameda,2537.0,511.0,29,30,30,29,473,92.56,2019
1611920000000.0,1.0,161192.0,,D,,Hayward Unified,Alameda,1601.0,256.0,19,19,19,19,92,35.94,2019
1612000000000.0,1.0,161200.0,,D,,Livermore Valley Joint Unified,Alameda,1128.0,249.0,26,25,25,25,201,80.72,2019
1612340000000.0,1.0,161234.0,,D,,Newark Unified,Alameda,460.0,31.0,22,22,22,22,22,70.97,2019
1612420000000.0,1.0,161242.0,,D,,New Haven Unified,Alameda,1043.0,132.0,24,23,24,24,90,68.18,2019
1612590000000.0,1.0,161259.0,,D,,Oakland Unified,Alameda,3663.0,809.0,19,18,19,19,279,34.49,2019
1612750000000.0,1.0,161275.0,,D,,Piedmont City Unified,Alameda,231.0,116.0,30,31,29,29,110,94.83,2019
1612910000000.0,1.0,161291.0,,D,,San Leandro Unified,Alameda,754.0,78.0,22,21,21,22,44,56.41,2019
1613090000000.0,1.0,161309.0,,D,,San Lorenzo Unified,Alameda,1099.0,189.0,21,21,21,21,92,48.68,2019
1750930000000.0,1.0,175093.0,,D,,Dublin Unified,Alameda,695.0,216.0,28,28,28,27,187,86.57,2019
1751010000000.0,1.0,175101.0,,D,,Pleasanton Unified,Alameda,1251.0,476.0,29,29,28,28,434,91.18,2019
3739810000000.0,3.0,373981.0,,D,,Amador County Unified,Amador,290.0,37.0,24,23,23,22,29,78.38,2019
4614240000000.0,4.0,461424.0,,D,,Chico Unified,Butte,1175.0,137.0,24,23,24,24,99,72.26,2019
4615150000000.0,4.0,461515.0,,D,,Oroville Union High,Butte,521.0,33.0,21,19,20,20,13,39.39,2019
4615310000000.0,4.0,461531.0,,D,,Paradise Unified,Butte,328.0,23.0,23,21,24,23,17,73.91,2019
4755070000000.0,4.0,475507.0,,D,,Gridley Unified,Butte,175.0,15.0,22,22,24,22,9,60.0,2019
5615640000000.0,5.0,561564.0,,D,,Calaveras Unified,Calaveras,216.0,19.0,25,22,24,23,16,84.21,2019
6616140000000.0,6.0,661614.0,,D,,Pierce Joint Unified,Colusa,107.0,16.0,19,17,19,19,5,31.25,2019
7100740000000.0,7.0,710074.0,,D,,Contra Costa County Office of Education,Contra Costa,771.0,153.0,24,23,23,23,107,69.93,2019
7616300000000.0,7.0,761630.0,,D,,Acalanes Union High,Contra Costa,1408.0,539.0,29,28,27,27,487,90.35,2019
7616480000000.0,7.0,761648.0,,D,,Antioch Unified,Contra Costa,1543.0,117.0,22,20,20,20,49,41.88,2019
7617210000000.0,7.0,761721.0,,D,,Liberty Union High,Contra Costa,2138.0,284.0,24,23,22,23,183,64.44,2019
7617390000000.0,7.0,761739.0,,D,,Martinez Unified,Contra Costa,349.0,42.0,25,23,24,23,31,73.81,2019
7617540000000.0,7.0,761754.0,,D,,Mt. Diablo Unified,Contra Costa,2145.0,323.0,25,25,25,24,241,74.61,2019
7617880000000.0,7.0,761788.0,,D,,Pittsburg Unified,Contra Costa,840.0,155.0,19,19,19,19,45,29.03,2019
7617960000000.0,7.0,761796.0,,D,,West Contra Costa Unified,Contra Costa,2520.0,475.0,19,18,18,18,127,26.74,2019
7618040000000.0,7.0,761804.0,,D,,San Ramon Valley Unified,Contra Costa,2652.0,1077.0,28,28,27,27,969,89.97,2019
9618530000000.0,9.0,961853.0,,D,,El Dorado Union High,El Dorado,1609.0,403.0,25,25,25,24,322,79.9,2019
9619030000000.0,9.0,961903.0,,D,,Lake Tahoe Unified,El Dorado,275.0,54.0,23,22,22,22,32,59.26,2019
10621170000000.0,10.0,1062117.0,,D,,Clovis Unified,Fresno,3305.0,479.0,25,24,24,24,358,74.74,2019
10621660000000.0,10.0,1062166.0,,D,,Fresno Unified,Fresno,4593.0,574.0,20,19,19,19,202,35.19,2019
10622570000000.0,10.0,1062257.0,,D,,Kingsburg Joint Union High,Fresno,276.0,41.0,23,21,22,21,26,63.41,2019
10622650000000.0,10.0,1062265.0,,D,,Kings Canyon Joint Unified,Fresno,619.0,169.0,19,17,18,18,34,20.12,2019
10623640000000.0,10.0,1062364.0,,D,,Parlier Unified,Fresno,232.0,33.0,18,16,18,18,8,24.24,2019
10624140000000.0,10.0,1062414.0,,D,,Sanger Unified,Fresno,850.0,62.0,21,19,20,21,27,43.55,2019
10738090000000.0,10.0,1073809.0,,D,,Firebaugh-Las Deltas Unified,Fresno,170.0,31.0,16,15,16,17,3,9.68,2019
10739650000000.0,10.0,1073965.0,,D,,Central Unified,Fresno,1096.0,37.0,22,21,20,22,20,54.05,2019
10739990000000.0,10.0,1073999.0,,D,,Kerman Unified,Fresno,416.0,38.0,22,21,21,23,18,47.37,2019
10751270000000.0,10.0,1075127.0,,D,,Mendota Unified,Fresno,234.0,82.0,16,15,17,16,7,8.54,2019
10752340000000.0,10.0,1075234.0,,D,,Golden Plains Unified,Fresno,125.0,19.0,15,14,15,15,0,0.0,2019
10754080000000.0,10.0,1075408.0,,D,,Riverdale Joint Unified,Fresno,127.0,50.0,16,15,18,18,7,14.0,2019
10767780000000.0,10.0,1076778.0,,D,,Washington Unified,Fresno,339.0,121.0,16,15,16,16,10,8.26,2019
11754810000000.0,11.0,1175481.0,,D,,Orland Joint Unified,Glenn,177.0,37.0,23,21,19,21,17,45.95,2019
11765620000000.0,11.0,1176562.0,,D,,Hamilton Unified,Glenn,90.0,30.0,18,18,18,19,7,23.33,2019
12626870000000.0,12.0,1262687.0,,D,,Northern Humboldt Union High,Humboldt,424.0,49.0,27,26,25,26,43,87.76,2019
12628100000000.0,12.0,1262810.0,,D,,Fortuna Union High,Humboldt,274.0,24.0,24,22,23,22,13,54.17,2019
12755150000000.0,12.0,1275515.0,,D,,Eureka City Schools,Humboldt,347.0,23.0,24,22,23,22,16,69.57,2019
13630810000000.0,13.0,1363081.0,,D,,Brawley Union High,Imperial,471.0,115.0,19,18,18,18,34,29.57,2019
13630990000000.0,13.0,1363099.0,,D,,Calexico Unified,Imperial,879.0,90.0,20,19,21,20,35,38.89,2019
13631070000000.0,13.0,1363107.0,,D,,Calipatria Unified,Imperial,91.0,19.0,20,21,19,20,9,47.37,2019
13631150000000.0,13.0,1363115.0,,D,,Central Union High,Imperial,958.0,172.0,19,18,19,19,58,33.72,2019
13631490000000.0,13.0,1363149.0,,D,,Holtville Unified,Imperial,151.0,29.0,20,18,20,19,9,31.03,2019
13631640000000.0,13.0,1363164.0,,D,,Imperial Unified,Imperial,279.0,65.0,23,22,21,22,35,53.85,2019
14766870000000.0,14.0,1476687.0,,D,,Bishop Unified,Inyo,158.0,27.0,23,22,22,22,19,70.37,2019
15101570000000.0,15.0,1510157.0,,D,,Kern County Office of Education,Kern,582.0,126.0,18,18,18,18,35,27.78,2019
15634120000000.0,15.0,1563412.0,,D,,Delano Joint Union High,Kern,1004.0,194.0,19,18,20,19,69,35.57,2019
15635290000000.0,15.0,1563529.0,,D,,Kern High,Kern,10175.0,741.0,22,20,21,21,366,49.39,2019
15636770000000.0,15.0,1563677.0,,D,,Mojave Unified,Kern,143.0,31.0,17,14,16,16,3,9.68,2019
15638180000000.0,15.0,1563818.0,,D,,Taft Union High,Kern,238.0,35.0,21,18,19,19,11,31.43,2019
15638590000000.0,15.0,1563859.0,,D,,Wasco Union High,Kern,453.0,71.0,19,18,20,20,24,33.8,2019
15737420000000.0,15.0,1573742.0,,D,,Sierra Sands Unified,Kern,353.0,15.0,27,26,27,26,14,93.33,2019
15739080000000.0,15.0,1573908.0,,D,,McFarland Unified,Kern,209.0,16.0,18,16,19,17,4,25.0,2019
16638910000000.0,16.0,1663891.0,,D,,Corcoran Joint Unified,Kings,187.0,40.0,18,17,18,19,10,25.0,2019
16639250000000.0,16.0,1663925.0,,D,,Hanford Joint Union High,Kings,897.0,45.0,22,21,20,21,25,55.56,2019
16639820000000.0,16.0,1663982.0,,D,,Lemoore Union High,Kings,527.0,84.0,21,19,19,19,29,34.52,2019
16739320000000.0,16.0,1673932.0,,D,,Reef-Sunset Unified,Kings,165.0,112.0,16,14,15,16,4,3.57,2019
17640140000000.0,17.0,1764014.0,,D,,Kelseyville Unified,Lake,129.0,18.0,19,19,19,18,7,38.89,2019
17640220000000.0,17.0,1764022.0,,D,,Konocti Unified,Lake,211.0,16.0,22,20,18,20,6,37.5,2019
17769760000000.0,17.0,1776976.0,,D,,Upper Lake Unified,Lake,83.0,18.0,18,16,17,17,4,22.22,2019
18641390000000.0,18.0,1864139.0,,D,,Lassen Union High,Lassen,190.0,27.0,22,21,21,21,15,55.56,2019
19101990000000.0,19.0,1910199.0,,D,,Los Angeles County Office of Education,Los Angeles,1236.0,245.0,20,19,19,19,90,36.73,2019
19642120000000.0,19.0,1964212.0,,D,,ABC Unified,Los Angeles,1663.0,216.0,26,26,26,25,172,79.63,2019
19642460000000.0,19.0,1964246.0,,D,,Antelope Valley Union High,Los Angeles,5657.0,339.0,21,20,19,20,150,44.25,2019
19642610000000.0,19.0,1964261.0,,D,,Arcadia Unified,Los Angeles,857.0,192.0,28,29,28,27,175,91.15,2019
19642790000000.0,19.0,1964279.0,,D,,Azusa Unified,Los Angeles,668.0,49.0,19,19,19,20,17,34.69,2019
19642870000000.0,19.0,1964287.0,,D,,Baldwin Park Unified,Los Angeles,1702.0,222.0,20,19,20,19,88,39.64,2019
19642950000000.0,19.0,1964295.0,,D,,Bassett Unified,Los Angeles,285.0,21.0,23,22,22,22,12,57.14,2019
19643030000000.0,19.0,1964303.0,,D,,Bellflower Unified,Los Angeles,953.0,31.0,25,24,22,23,23,74.19,2019
19643110000000.0,19.0,1964311.0,,D,,Beverly Hills Unified,Los Angeles,424.0,91.0,28,29,27,26,78,85.71,2019
19643290000000.0,19.0,1964329.0,,D,,Bonita Unified,Los Angeles,865.0,157.0,23,22,22,22,97,61.78,2019
19643370000000.0,19.0,1964337.0,,D,,Burbank Unified,Los Angeles,1331.0,176.0,26,25,25,24,140,79.55,2019
19643520000000.0,19.0,1964352.0,,D,,Centinela Valley Union High,Los Angeles,1875.0,186.0,18,17,17,18,29,15.59,2019
19643780000000.0,19.0,1964378.0,,D,,Charter Oak Unified,Los Angeles,404.0,38.0,22,21,22,22,25,65.79,2019
19643940000000.0,19.0,1964394.0,,D,,Claremont Unified,Los Angeles,616.0,139.0,25,24,24,24,103,74.1,2019
19644360000000.0,19.0,1964436.0,,D,,Covina-Valley Unified,Los Angeles,1066.0,72.0,21,20,20,20,29,40.28,2019
19644440000000.0,19.0,1964444.0,,D,,Culver City Unified,Los Angeles,556.0,148.0,24,24,22,23,95,64.19,2019
19644510000000.0,19.0,1964451.0,,D,,Downey Unified,Los Angeles,2147.0,135.0,23,22,23,22,91,67.41,2019
19644690000000.0,19.0,1964469.0,,D,,Duarte Unified,Los Angeles,405.0,59.0,23,23,21,21,31,52.54,2019
19645190000000.0,19.0,1964519.0,,D,,El Monte Union High,Los Angeles,2308.0,302.0,21,20,21,20,141,46.69,2019
19645270000000.0,19.0,1964527.0,,D,,El Rancho Unified,Los Angeles,731.0,218.0,19,18,19,19,62,28.44,2019
19645350000000.0,19.0,1964535.0,,D,,El Segundo Unified,Los Angeles,319.0,109.0,25,25,24,24,78,71.56,2019
19645680000000.0,19.0,1964568.0,,D,,Glendale Unified,Los Angeles,1978.0,221.0,26,26,26,25,185,83.71,2019
19645760000000.0,19.0,1964576.0,,D,,Glendora Unified,Los Angeles,639.0,79.0,25,23,24,23,66,83.54,2019
19645920000000.0,19.0,1964592.0,,D,,Hawthorne,Los Angeles,112.0,112.0,20,20,21,19,49,43.75,2019
19646340000000.0,19.0,1964634.0,,D,,Inglewood Unified,Los Angeles,695.0,227.0,17,16,17,17,37,16.3,2019
19646590000000.0,19.0,1964659.0,,D,,La Canada Unified,Los Angeles,347.0,138.0,29,29,29,28,130,94.2,2019
19646830000000.0,19.0,1964683.0,,D,,Las Virgenes Unified,Los Angeles,986.0,322.0,27,27,25,25,269,83.54,2019
19646910000000.0,19.0,1964691.0,,D,,Lawndale Elementary,Los Angeles,126.0,96.0,17,17,18,17,19,19.79,2019
19647090000000.0,19.0,1964709.0,,D,,Lennox,Los Angeles,296.0,232.0,17,16,17,17,40,17.24,2019
19647250000000.0,19.0,1964725.0,,D,,Long Beach Unified,Los Angeles,5929.0,582.0,23,22,22,22,330,56.7,2019
19647330000000.0,19.0,1964733.0,,D,,Los Angeles Unified,Los Angeles,41873.0,9336.0,19,18,19,19,2774,29.71,2019
19647740000000.0,19.0,1964774.0,,D,,Lynwood Unified,Los Angeles,1072.0,160.0,18,17,17,17,28,17.5,2019
19647900000000.0,19.0,1964790.0,,D,,Monrovia Unified,Los Angeles,473.0,53.0,21,19,19,19,16,30.19,2019
19648080000000.0,19.0,1964808.0,,D,,Montebello Unified,Los Angeles,2333.0,276.0,19,18,18,19,75,27.17,2019
19648400000000.0,19.0,1964840.0,,D,,Norwalk-La Mirada Unified,Los Angeles,1403.0,171.0,19,18,18,19,56,32.75,2019
19648570000000.0,19.0,1964857.0,,D,,Palmdale Elementary,Los Angeles,402.0,31.0,21,21,20,21,15,48.39,2019
19648650000000.0,19.0,1964865.0,,D,,Palos Verdes Peninsula Unified,Los Angeles,1118.0,426.0,27,28,27,26,376,88.26,2019
19648730000000.0,19.0,1964873.0,,D,,Paramount Unified,Los Angeles,1281.0,61.0,21,21,21,22,35,57.38,2019
19648810000000.0,19.0,1964881.0,,D,,Pasadena Unified,Los Angeles,1544.0,166.0,22,21,21,21,88,53.01,2019
19649070000000.0,19.0,1964907.0,,D,,Pomona Unified,Los Angeles,1897.0,266.0,19,18,18,19,82,30.83,2019
19649640000000.0,19.0,1964964.0,,D,,San Marino Unified,Los Angeles,275.0,95.0,28,29,29,27,86,90.53,2019
19649800000000.0,19.0,1964980.0,,D,,Santa Monica-Malibu Unified,Los Angeles,899.0,280.0,27,26,25,25,221,78.93,2019
19650290000000.0,19.0,1965029.0,,D,,South Pasadena Unified,Los Angeles,370.0,93.0,28,27,27,27,78,83.87,2019
19650520000000.0,19.0,1965052.0,,D,,Temple City Unified,Los Angeles,518.0,90.0,27,27,27,26,80,88.89,2019
19650600000000.0,19.0,1965060.0,,D,,Torrance Unified,Los Angeles,2115.0,440.0,25,24,25,24,334,75.91,2019
19650940000000.0,19.0,1965094.0,,D,,West Covina Unified,Los Angeles,1194.0,42.0,24,24,23,23,29,69.05,2019
19651280000000.0,19.0,1965128.0,,D,,Whittier Union High,Los Angeles,3048.0,390.0,20,20,20,20,167,42.82,2019
19651360000000.0,19.0,1965136.0,,D,,William S. Hart Union High,Los Angeles,4252.0,748.0,26,25,24,24,585,78.21,2019
19734370000000.0,19.0,1973437.0,,D,,Compton Unified,Los Angeles,1361.0,795.0,16,14,16,15,57,7.17,2019
19734450000000.0,19.0,1973445.0,,D,,Hacienda la Puente Unified,Los Angeles,1459.0,113.0,22,20,21,22,64,56.64,2019
19734520000000.0,19.0,1973452.0,,D,,Rowland Unified,Los Angeles,1186.0,119.0,22,21,21,21,58,48.74,2019
19734600000000.0,19.0,1973460.0,,D,,Walnut Valley Unified,Los Angeles,1424.0,316.0,28,28,28,27,276,87.34,2019
19752910000000.0,19.0,1975291.0,,D,,San Gabriel Unified,Los Angeles,619.0,72.0,27,28,26,26,63,87.5,2019
19753330000000.0,19.0,1975333.0,,D,,Manhattan Beach Unified,Los Angeles,610.0,269.0,28,28,27,27,245,91.08,2019
19753410000000.0,19.0,1975341.0,,D,,Redondo Beach Unified,Los Angeles,757.0,267.0,24,24,23,24,191,71.54,2019
19756630000000.0,19.0,1975663.0,,D,,SBE - New West Charter,Los Angeles,90.0,19.0,27,28,24,25,16,84.21,2019
19757130000000.0,19.0,1975713.0,,D,,Alhambra Unified,Los Angeles,1902.0,238.0,25,25,25,24,174,73.11,2019
19768690000000.0,19.0,1976869.0,,D,,Wiseburn Unified,Los Angeles,428.0,120.0,20,20,19,20,43,35.83,2019
19769680000000.0,19.0,1976968.0,,D,,SBE - Academia Avance Charter,Los Angeles,65.0,33.0,15,15,17,16,3,9.09,2019
20652010000000.0,20.0,2065201.0,,D,,Chowchilla Union High,Madera,276.0,18.0,21,20,20,21,9,50.0,2019
20652430000000.0,20.0,2065243.0,,D,,Madera Unified,Madera,1296.0,271.0,18,17,18,18,65,23.99,2019
20755800000000.0,20.0,2075580.0,,D,,Golden Valley Unified,Madera,172.0,17.0,23,24,22,22,12,70.59,2019
20756060000000.0,20.0,2075606.0,,D,,Chawanakee Unified,Madera,154.0,32.0,22,20,20,20,17,53.13,2019
20764140000000.0,20.0,2076414.0,,D,,Yosemite Unified,Madera,202.0,37.0,22,21,22,22,22,59.46,2019
21654170000000.0,21.0,2165417.0,,D,,Novato Unified,Marin,667.0,197.0,25,24,24,23,137,69.54,2019
21654660000000.0,21.0,2165466.0,,D,,San Rafael City High,Marin,634.0,140.0,24,23,23,23,91,65.0,2019
21654820000000.0,21.0,2165482.0,,D,,Tamalpais Union High,Marin,1233.0,412.0,29,29,26,26,374,90.78,2019
22655320000000.0,22.0,2265532.0,,D,,Mariposa County Unified,Mariposa,149.0,16.0,24,22,23,22,8,50.0,2019
23655650000000.0,23.0,2365565.0,,D,,Fort Bragg Unified,Mendocino,119.0,24.0,25,24,22,23,17,70.83,2019
23656150000000.0,23.0,2365615.0,,D,,Ukiah Unified,Mendocino,525.0,23.0,25,23,23,23,16,69.57,2019
24656980000000.0,24.0,2465698.0,,D,,Hilmar Unified,Merced,166.0,26.0,22,20,20,20,11,42.31,2019
24657300000000.0,24.0,2465730.0,,D,,Le Grand Union High,Merced,102.0,33.0,17,15,17,17,4,12.12,2019
24657550000000.0,24.0,2465755.0,,D,,Los Banos Unified,Merced,815.0,58.0,21,20,19,20,25,43.1,2019
24657890000000.0,24.0,2465789.0,,D,,Merced Union High,Merced,2577.0,379.0,20,18,19,19,117,30.87,2019
24736190000000.0,24.0,2473619.0,,D,,Gustine Unified,Merced,155.0,28.0,20,19,17,19,8,28.57,2019
24753660000000.0,24.0,2475366.0,,D,,Delhi Unified,Merced,167.0,68.0,18,17,17,18,15,22.06,2019
25735850000000.0,25.0,2573585.0,,D,,Modoc Joint Unified,Modoc,57.0,40.0,17,15,17,18,10,25.0,2019
25735930000000.0,25.0,2573593.0,,D,,Tulelake Basin Joint Unified,Modoc,25.0,15.0,18,15,17,18,1,6.67,2019
26736920000000.0,26.0,2673692.0,,D,,Mammoth Unified,Mono,107.0,19.0,26,25,23,24,15,78.95,2019
27659870000000.0,27.0,2765987.0,,D,,Carmel Unified,Monterey,215.0,121.0,26,26,25,25,93,76.86,2019
27660680000000.0,27.0,2766068.0,,D,,South Monterey County Joint Union High,Monterey,557.0,88.0,18,17,17,17,14,15.91,2019
27660920000000.0,27.0,2766092.0,,D,,Monterey Peninsula Unified,Monterey,854.0,90.0,22,21,22,21,50,55.56,2019
27661340000000.0,27.0,2766134.0,,D,,Pacific Grove Unified,Monterey,151.0,31.0,26,27,26,26,26,83.87,2019
27661590000000.0,27.0,2766159.0,,D,,Salinas Union High,Monterey,2683.0,516.0,19,18,19,19,168,32.56,2019
27738250000000.0,27.0,2773825.0,,D,,North Monterey County Unified,Monterey,369.0,42.0,19,17,18,20,10,23.81,2019
27754400000000.0,27.0,2775440.0,,D,,Soledad Unified,Monterey,403.0,69.0,18,16,17,18,14,20.29,2019
27754730000000.0,27.0,2775473.0,,D,,Gonzales Unified,Monterey,191.0,63.0,17,17,17,17,11,17.46,2019
28662660000000.0,28.0,2866266.0,,D,,Napa Valley Unified,Napa,1513.0,168.0,22,22,22,22,106,63.1,2019
28662900000000.0,28.0,2866290.0,,D,,Saint Helena Unified,Napa,121.0,28.0,25,26,22,23,24,85.71,2019
29663570000000.0,29.0,2966357.0,,D,,Nevada Joint Union High,Nevada,700.0,63.0,25,24,25,24,48,76.19,2019
30103060000000.0,30.0,3010306.0,,D,,Orange County Department of Education,Orange,708.0,35.0,23,22,21,21,18,51.43,2019
30664310000000.0,30.0,3066431.0,,D,,Anaheim Union High,Orange,5479.0,458.0,23,22,22,22,255,55.68,2019
30664490000000.0,30.0,3066449.0,,D,,Brea-Olinda Unified,Orange,506.0,121.0,26,26,26,26,109,90.08,2019
30664640000000.0,30.0,3066464.0,,D,,Capistrano Unified,Orange,4805.0,1455.0,26,26,26,25,1233,84.74,2019
30665140000000.0,30.0,3066514.0,,D,,Fullerton Joint Union High,Orange,3550.0,519.0,26,26,26,25,419,80.73,2019
30665220000000.0,30.0,3066522.0,,D,,Garden Grove Unified,Orange,3627.0,615.0,22,22,22,21,349,56.75,2019
30665480000000.0,30.0,3066548.0,,D,,Huntington Beach Union High,Orange,4150.0,584.0,25,25,25,24,459,78.6,2019
30665550000000.0,30.0,3066555.0,,D,,Laguna Beach Unified,Orange,295.0,165.0,26,27,26,26,149,90.3,2019
30665970000000.0,30.0,3066597.0,,D,,Newport-Mesa Unified,Orange,1817.0,628.0,26,26,25,25,485,77.23,2019
30666210000000.0,30.0,3066621.0,,D,,Orange Unified,Orange,2261.0,255.0,25,25,24,24,196,76.86,2019
30666470000000.0,30.0,3066647.0,,D,,Placentia-Yorba Linda Unified,Orange,2162.0,436.0,24,23,24,23,297,68.12,2019
30666700000000.0,30.0,3066670.0,,D,,Santa Ana Unified,Orange,4128.0,1162.0,20,19,20,19,410,35.28,2019
30736350000000.0,30.0,3073635.0,,D,,Saddleback Valley Unified,Orange,2410.0,479.0,25,25,25,25,372,77.66,2019
30736430000000.0,30.0,3073643.0,,D,,Tustin Unified,Orange,1992.0,544.0,25,25,25,24,403,74.08,2019
30736500000000.0,30.0,3073650.0,,D,,Irvine Unified,Orange,2552.0,780.0,28,29,29,28,717,91.92,2019
30739240000000.0,30.0,3073924.0,,D,,Los Alamitos Unified,Orange,759.0,262.0,26,27,26,25,214,81.68,2019
31668940000000.0,31.0,3166894.0,,D,,Placer Union High,Placer,1002.0,213.0,24,23,24,24,151,70.89,2019
31669280000000.0,31.0,3166928.0,,D,,Roseville Joint Union High,Placer,2555.0,611.0,25,24,24,24,474,77.58,2019
31669440000000.0,31.0,3166944.0,,D,,Tahoe-Truckee Unified,Placer,303.0,78.0,26,25,25,25,66,84.62,2019
31669510000000.0,31.0,3166951.0,,D,,Western Placer Unified,Placer,745.0,65.0,24,23,21,23,41,63.08,2019
31750850000000.0,31.0,3175085.0,,D,,Rocklin Unified,Placer,1171.0,311.0,25,25,24,24,248,79.74,2019
33669770000000.0,33.0,3366977.0,,D,,Alvord Unified,Riverside,1517.0,141.0,19,18,19,19,44,31.21,2019
33669850000000.0,33.0,3366985.0,,D,,Banning Unified,Riverside,358.0,51.0,18,17,18,18,13,25.49,2019
33669930000000.0,33.0,3366993.0,,D,,Beaumont Unified,Riverside,735.0,48.0,22,20,20,21,23,47.92,2019
33670330000000.0,33.0,3367033.0,,D,,Corona-Norco Unified,Riverside,4488.0,757.0,22,21,21,21,410,54.16,2019
33670580000000.0,33.0,3367058.0,,D,,Desert Sands Unified,Riverside,2493.0,226.0,22,21,20,21,109,48.23,2019
33670820000000.0,33.0,3367082.0,,D,,Hemet Unified,Riverside,1858.0,142.0,21,19,19,20,62,43.66,2019
33670900000000.0,33.0,3367090.0,,D,,Jurupa Unified,Riverside,1486.0,210.0,19,18,18,19,56,26.67,2019
33671160000000.0,33.0,3367116.0,,D,,Menifee Union Elementary,Riverside,113.0,18.0,24,24,23,23,13,72.22,2019
33671240000000.0,33.0,3367124.0,,D,,Moreno Valley Unified,Riverside,2481.0,227.0,20,19,19,19,73,32.16,2019
33671570000000.0,33.0,3367157.0,,D,,Nuview Union ,Riverside,157.0,169.0,19,17,20,19,58,34.32,2019
33671730000000.0,33.0,3367173.0,,D,,Palm Springs Unified,Riverside,1777.0,232.0,19,18,18,19,63,27.16,2019
33672070000000.0,33.0,3367207.0,,D,,Perris Union High,Riverside,2224.0,383.0,19,18,18,18,109,28.46,2019
33672150000000.0,33.0,3367215.0,,D,,Riverside Unified,Riverside,3434.0,583.0,21,20,21,21,272,46.66,2019
33672490000000.0,33.0,3367249.0,,D,,San Jacinto Unified,Riverside,859.0,34.0,19,19,18,18,8,23.53,2019
33736760000000.0,33.0,3373676.0,,D,,Coachella Valley Unified,Riverside,1244.0,204.0,18,16,18,18,36,17.65,2019
33751760000000.0,33.0,3375176.0,,D,,Lake Elsinore Unified,Riverside,1608.0,169.0,20,19,19,20,67,39.64,2019
33751920000000.0,33.0,3375192.0,,D,,Temecula Valley Unified,Riverside,2453.0,629.0,23,23,22,23,416,66.14,2019
33752000000000.0,33.0,3375200.0,,D,,Murrieta Valley Unified,Riverside,2168.0,459.0,23,22,22,22,288,62.75,2019
33752420000000.0,33.0,3375242.0,,D,,Val Verde Unified,Riverside,1641.0,41.0,20,19,19,19,14,34.15,2019
34673140000000.0,34.0,3467314.0,,D,,Elk Grove Unified,Sacramento,5228.0,919.0,23,22,23,22,570,62.02,2019
34673300000000.0,34.0,3467330.0,,D,,Folsom-Cordova Unified,Sacramento,1617.0,259.0,27,26,26,26,219,84.56,2019
34673550000000.0,34.0,3467355.0,,D,,Galt Joint Union High,Sacramento,567.0,58.0,21,20,21,20,29,50.0,2019
34674130000000.0,34.0,3467413.0,,D,,River Delta Joint Unified,Sacramento,173.0,27.0,20,19,19,19,10,37.04,2019
34674390000000.0,34.0,3467439.0,,D,,Sacramento City Unified,Sacramento,3244.0,468.0,21,20,20,20,196,41.88,2019
34674470000000.0,34.0,3467447.0,,D,,San Juan Unified,Sacramento,4487.0,456.0,24,23,23,23,295,64.69,2019
34752830000000.0,34.0,3475283.0,,D,,Natomas Unified,Sacramento,1130.0,772.0,17,16,17,17,162,20.98,2019
34765050000000.0,34.0,3476505.0,,D,,Twin Rivers Unified,Sacramento,2234.0,91.0,20,18,19,19,35,38.46,2019
35675380000000.0,35.0,3567538.0,,D,,San Benito High,San Benito,807.0,118.0,21,20,21,21,52,44.07,2019
36676110000000.0,36.0,3667611.0,,D,,Barstow Unified,San Bernardino,394.0,26.0,18,17,19,19,8,30.77,2019
36676520000000.0,36.0,3667652.0,,D,,Chaffey Joint Union High,San Bernardino,6046.0,796.0,21,20,21,21,370,46.48,2019
36676780000000.0,36.0,3667678.0,,D,,Chino Valley Unified,San Bernardino,2434.0,250.0,25,24,24,24,183,73.2,2019
36676860000000.0,36.0,3667686.0,,D,,Colton Joint Unified,San Bernardino,1621.0,126.0,19,19,19,20,46,36.51,2019
36677100000000.0,36.0,3667710.0,,D,,Fontana Unified,San Bernardino,2941.0,2562.0,16,14,16,16,282,11.01,2019
36677770000000.0,36.0,3667777.0,,D,,Morongo Unified,San Bernardino,565.0,16.0,25,24,25,23,13,81.25,2019
36678270000000.0,36.0,3667827.0,,D,,Oro Grande,San Bernardino,647.0,17.0,18,18,17,19,5,29.41,2019
36678430000000.0,36.0,3667843.0,,D,,Redlands Unified,San Bernardino,1842.0,174.0,24,24,24,23,120,68.97,2019
36678500000000.0,36.0,3667850.0,,D,,Rialto Unified,San Bernardino,1973.0,190.0,19,18,19,19,59,31.05,2019
36678680000000.0,36.0,3667868.0,,D,,Rim of the World Unified,San Bernardino,239.0,26.0,25,24,22,24,19,73.08,2019
36678760000000.0,36.0,3667876.0,,D,,San Bernardino City Unified,San Bernardino,3558.0,480.0,19,17,18,19,124,25.83,2019
36679340000000.0,36.0,3667934.0,,D,,Victor Valley Union High,San Bernardino,1911.0,200.0,20,18,19,19,65,32.5,2019
36679590000000.0,36.0,3667959.0,,D,,Yucaipa-Calimesa Joint Unified,San Bernardino,739.0,61.0,24,22,22,22,40,65.57,2019
36739570000000.0,36.0,3673957.0,,D,,Snowline Joint Unified,San Bernardino,560.0,57.0,22,21,23,22,34,59.65,2019
36750440000000.0,36.0,3675044.0,,D,,Hesperia Unified,San Bernardino,1986.0,255.0,20,18,19,19,91,35.69,2019
36750690000000.0,36.0,3675069.0,,D,,Upland Unified,San Bernardino,867.0,62.0,21,21,21,21,30,48.39,2019
36750770000000.0,36.0,3675077.0,,D,,Apple Valley Unified,San Bernardino,1086.0,82.0,23,22,20,21,42,51.22,2019
37103710000000.0,37.0,3710371.0,,D,,San Diego County Office of Education,San Diego,631.0,22.0,22,21,23,21,14,63.64,2019
37680230000000.0,37.0,3768023.0,,D,,Chula Vista Elementary,San Diego,228.0,21.0,20,20,18,19,6,28.57,2019
37680310000000.0,37.0,3768031.0,,D,,Coronado Unified,San Diego,294.0,128.0,26,25,25,25,100,78.13,2019
37680490000000.0,37.0,3768049.0,,D,,Dehesa Elementary,San Diego,469.0,18.0,21,21,20,20,6,33.33,2019
37681060000000.0,37.0,3768106.0,,D,,Escondido Union High,San Diego,2532.0,497.0,21,20,21,21,229,46.08,2019
37681220000000.0,37.0,3768122.0,,D,,Fallbrook Union High,San Diego,557.0,42.0,23,22,22,21,26,61.9,2019
37681300000000.0,37.0,3768130.0,,D,,Grossmont Union High,San Diego,5541.0,940.0,22,21,22,22,566,60.21,2019
37681890000000.0,37.0,3768189.0,,D,,Lakeside Union Elementary,San Diego,71.0,16.0,28,26,26,27,16,100.0,2019
37682130000000.0,37.0,3768213.0,,D,,Mountain Empire Unified,San Diego,342.0,20.0,25,21,21,23,12,60.0,2019
37682960000000.0,37.0,3768296.0,,D,,Poway Unified,San Diego,2918.0,941.0,27,26,26,25,775,82.36,2019
37683040000000.0,37.0,3768304.0,,D,,Ramona City Unified,San Diego,476.0,81.0,23,22,23,23,54,66.67,2019
37683380000000.0,37.0,3768338.0,,D,,San Diego Unified,San Diego,9418.0,1944.0,23,22,22,22,1089,56.02,2019
37683460000000.0,37.0,3768346.0,,D,,San Dieguito Union High,San Diego,2334.0,1234.0,28,28,27,27,1108,89.79,2019
37684110000000.0,37.0,3768411.0,,D,,Sweetwater Union High,San Diego,7934.0,952.0,21,20,20,21,441,46.32,2019
37684520000000.0,37.0,3768452.0,,D,,Vista Unified,San Diego,2363.0,231.0,25,23,24,23,164,71.0,2019
37735510000000.0,37.0,3773551.0,,D,,Carlsbad Unified,San Diego,913.0,258.0,25,25,25,25,203,78.68,2019
37735690000000.0,37.0,3773569.0,,D,,Oceanside Unified,San Diego,1628.0,207.0,21,20,21,20,100,48.31,2019
37737910000000.0,37.0,3773791.0,,D,,San Marcos Unified,San Diego,1534.0,422.0,24,23,22,23,265,62.8,2019
37756140000000.0,37.0,3775614.0,,D,,Valley Center-Pauma Unified,San Diego,314.0,50.0,22,21,21,22,25,50.0,2019
37764710000000.0,37.0,3776471.0,,D,,SBC - High Tech High,San Diego,242.0,40.0,23,21,19,21,19,47.5,2019
38684780000000.0,38.0,3868478.0,,D,,San Francisco Unified,San Francisco,4399.0,1077.0,22,21,22,21,565,52.46,2019
39103970000000.0,39.0,3910397.0,,D,,San Joaquin County Office of Education,San Joaquin,823.0,22.0,18,17,17,18,4,18.18,2019
39685020000000.0,39.0,3968502.0,,D,,Escalon Unified,San Joaquin,201.0,16.0,21,19,21,22,10,62.5,2019
39685690000000.0,39.0,3968569.0,,D,,Lincoln Unified,San Joaquin,721.0,59.0,23,22,23,23,43,72.88,2019
39685770000000.0,39.0,3968577.0,,D,,Linden Unified,San Joaquin,177.0,33.0,22,21,20,21,13,39.39,2019
39685850000000.0,39.0,3968585.0,,D,,Lodi Unified,San Joaquin,2471.0,474.0,22,21,22,22,261,55.06,2019
39685930000000.0,39.0,3968593.0,,D,,Manteca Unified,San Joaquin,1925.0,124.0,22,22,22,21,73,58.87,2019
39686500000000.0,39.0,3968650.0,,D,,Ripon Unified,San Joaquin,405.0,46.0,26,24,23,24,37,80.43,2019
39686760000000.0,39.0,3968676.0,,D,,Stockton Unified,San Joaquin,2734.0,354.0,19,18,19,18,116,32.77,2019
39754990000000.0,39.0,3975499.0,,D,,Tracy Joint Unified,San Joaquin,1515.0,160.0,22,21,21,22,84,52.5,2019
39767600000000.0,39.0,3976760.0,,D,,Lammersville Joint Unified,San Joaquin,283.0,52.0,28,27,26,26,46,88.46,2019
40687000000000.0,40.0,4068700.0,,D,,Atascadero Unified,San Luis Obispo,355.0,35.0,26,25,25,25,27,77.14,2019
40687590000000.0,40.0,4068759.0,,D,,Lucia Mar Unified,San Luis Obispo,865.0,194.0,23,22,22,22,120,61.86,2019
40688090000000.0,40.0,4068809.0,,D,,San Luis Coastal Unified,San Luis Obispo,591.0,174.0,26,25,25,24,140,80.46,2019
40688410000000.0,40.0,4068841.0,,D,,Templeton Unified,San Luis Obispo,203.0,69.0,24,24,22,23,50,72.46,2019
40754570000000.0,40.0,4075457.0,,D,,Paso Robles Joint Unified,San Luis Obispo,578.0,89.0,23,22,22,22,53,59.55,2019
41688900000000.0,41.0,4168890.0,,D,,Cabrillo Unified,San Mateo,251.0,65.0,27,26,25,25,50,76.92,2019
41689240000000.0,41.0,4168924.0,,D,,Jefferson Union High,San Mateo,1179.0,132.0,24,23,23,23,98,74.24,2019
41689990000000.0,41.0,4168999.0,,D,,Ravenswood City Elementary,San Mateo,20.0,31.0,16,14,18,15,3,9.68,2019
41690470000000.0,41.0,4169047.0,,D,,San Mateo Union High,San Mateo,2359.0,529.0,27,26,26,26,432,81.66,2019
41690620000000.0,41.0,4169062.0,,D,,Sequoia Union High,San Mateo,2532.0,630.0,25,24,24,24,431,68.41,2019
41690700000000.0,41.0,4169070.0,,D,,South San Francisco Unified,San Mateo,682.0,41.0,23,23,24,23,31,75.61,2019
42691460000000.0,42.0,4269146.0,,D,,Carpinteria Unified,Santa Barbara,167.0,39.0,22,19,22,22,21,53.85,2019
42692290000000.0,42.0,4269229.0,,D,,Lompoc Unified,Santa Barbara,648.0,41.0,24,23,23,23,25,60.98,2019
42692600000000.0,42.0,4269260.0,,D,,Orcutt Union Elementary,Santa Barbara,145.0,49.0,25,26,25,25,40,81.63,2019
42693100000000.0,42.0,4269310.0,,D,,Santa Maria Joint Union High,Santa Barbara,1949.0,243.0,20,19,20,20,93,38.27,2019
42693280000000.0,42.0,4269328.0,,D,,Santa Ynez Valley Union High,Santa Barbara,231.0,50.0,26,24,22,22,38,76.0,2019
42767860000000.0,42.0,4276786.0,,D,,Santa Barbara Unified,Santa Barbara,1669.0,395.0,25,25,24,24,283,71.65,2019
43104390000000.0,43.0,4310439.0,,D,,Santa Clara County Office of Education,Santa Clara,915.0,102.0,22,22,21,22,49,48.04,2019
43694010000000.0,43.0,4369401.0,,D,,Campbell Union High,Santa Clara,2023.0,403.0,27,26,25,26,324,80.4,2019
43694270000000.0,43.0,4369427.0,,D,,East Side Union High,Santa Clara,6785.0,777.0,22,22,23,22,423,54.44,2019
43694680000000.0,43.0,4369468.0,,D,,Fremont Union High,Santa Clara,2761.0,872.0,30,31,31,29,822,94.27,2019
43694840000000.0,43.0,4369484.0,,D,,Gilroy Unified,Santa Clara,972.0,147.0,23,22,23,22,92,62.59,2019
43695340000000.0,43.0,4369534.0,,D,,Los Gatos-Saratoga Joint Union High,Santa Clara,870.0,308.0,30,30,29,29,296,96.1,2019
43695830000000.0,43.0,4369583.0,,D,,Morgan Hill Unified,Santa Clara,636.0,115.0,24,24,24,23,89,77.39,2019
43696090000000.0,43.0,4369609.0,,D,,Mountain View-Los Altos Union High,Santa Clara,1061.0,342.0,28,29,28,28,297,86.84,2019
43696410000000.0,43.0,4369641.0,,D,,Palo Alto Unified,Santa Clara,1020.0,454.0,29,29,28,28,393,86.56,2019
43696660000000.0,43.0,4369666.0,,D,,San Jose Unified,Santa Clara,2648.0,443.0,25,25,25,25,316,71.33,2019
43696740000000.0,43.0,4369674.0,,D,,Santa Clara Unified,Santa Clara,1136.0,193.0,25,25,24,24,135,69.95,2019
43733870000000.0,43.0,4373387.0,,D,,Milpitas Unified,Santa Clara,829.0,72.0,26,27,27,26,64,88.89,2019
44104470000000.0,44.0,4410447.0,,D,,Santa Cruz County Office of Education,Santa Cruz,594.0,48.0,29,29,27,27,46,95.83,2019
44697990000000.0,44.0,4469799.0,,D,,Pajaro Valley Unified,Santa Cruz,1315.0,257.0,20,18,19,20,88,34.24,2019
44698070000000.0,44.0,4469807.0,,D,,San Lorenzo Valley Unified,Santa Cruz,244.0,25.0,26,26,24,25,19,76.0,2019
44698230000000.0,44.0,4469823.0,,D,,Santa Cruz City High,Santa Cruz,862.0,177.0,24,23,23,22,112,63.28,2019
44754320000000.0,44.0,4475432.0,,D,,Scotts Valley Unified,Santa Cruz,194.0,60.0,27,26,25,25,52,86.67,2019
45698560000000.0,45.0,4569856.0,,D,,Anderson Union High,Shasta,444.0,29.0,24,21,22,23,21,72.41,2019
45699890000000.0,45.0,4569989.0,,D,,Fall River Joint Unified,Shasta,86.0,21.0,22,20,22,22,9,42.86,2019
45701360000000.0,45.0,4570136.0,,D,,Shasta Union High,Shasta,1308.0,115.0,27,25,25,25,96,83.48,2019
47704660000000.0,47.0,4770466.0,,D,,Siskiyou Union High,Siskiyou,150.0,29.0,21,21,19,19,14,48.28,2019
47705160000000.0,47.0,4770516.0,,D,,Yreka Union High,Siskiyou,150.0,38.0,23,20,21,21,20,52.63,2019
47764550000000.0,47.0,4776455.0,,D,,Scott Valley Unified,Siskiyou,45.0,27.0,20,20,21,21,11,40.74,2019
48705240000000.0,48.0,4870524.0,,D,,Benicia Unified,Solano,406.0,67.0,27,26,25,25,56,83.58,2019
48705320000000.0,48.0,4870532.0,,D,,Dixon Unified,Solano,310.0,67.0,21,20,21,20,34,50.75,2019
48705400000000.0,48.0,4870540.0,,D,,Fairfield-Suisun Unified,Solano,1560.0,94.0,24,23,22,23,59,62.77,2019
48705650000000.0,48.0,4870565.0,,D,,Travis Unified,Solano,419.0,40.0,25,23,23,24,28,70.0,2019
48705730000000.0,48.0,4870573.0,,D,,Vacaville Unified,Solano,975.0,97.0,23,22,23,22,62,63.92,2019
48705810000000.0,48.0,4870581.0,,D,,Vallejo City Unified,Solano,994.0,71.0,20,18,18,19,22,30.99,2019
49706070000000.0,49.0,4970607.0,,D,,West Sonoma County Union High,Sonoma,450.0,55.0,26,25,24,24,40,72.73,2019
49708620000000.0,49.0,4970862.0,,D,,Petaluma Joint Union High,Sonoma,889.0,134.0,25,24,23,23,101,75.37,2019
49709040000000.0,49.0,4970904.0,,D,,Roseland,Sonoma,147.0,89.0,17,16,18,18,20,22.47,2019
49709200000000.0,49.0,4970920.0,,D,,Santa Rosa High,Sonoma,1968.0,275.0,25,24,24,24,208,75.64,2019
49709530000000.0,49.0,4970953.0,,D,,Sonoma Valley Unified,Sonoma,293.0,47.0,25,24,23,23,31,65.96,2019
49738820000000.0,49.0,4973882.0,,D,,Cotati-Rohnert Park Unified,Sonoma,529.0,73.0,24,23,22,22,44,60.27,2019
49753580000000.0,49.0,4975358.0,,D,,Windsor Unified,Sonoma,466.0,116.0,23,22,21,22,70,60.34,2019
49753900000000.0,49.0,4975390.0,,D,,Healdsburg Unified,Sonoma,158.0,36.0,24,25,22,22,29,80.56,2019
50710430000000.0,50.0,5071043.0,,D,,Ceres Unified,Stanislaus,1073.0,34.0,20,18,18,19,8,23.53,2019
50711750000000.0,50.0,5071175.0,,D,,Modesto City High,Stanislaus,3858.0,511.0,22,21,21,21,262,51.27,2019
50712170000000.0,50.0,5071217.0,,D,,Patterson Joint Unified,Stanislaus,458.0,15.0,24,22,21,21,7,46.67,2019
50736010000000.0,50.0,5073601.0,,D,,Newman-Crows Landing Unified,Stanislaus,227.0,18.0,23,22,23,22,10,55.56,2019
50755640000000.0,50.0,5075564.0,,D,,Oakdale Joint Unified,Stanislaus,437.0,38.0,24,24,23,23,26,68.42,2019
50757390000000.0,50.0,5075739.0,,D,,Turlock Unified,Stanislaus,1240.0,105.0,24,22,22,22,68,64.76,2019
51713990000000.0,51.0,5171399.0,,D,,Live Oak Unified,Sutter,143.0,33.0,19,20,20,20,12,36.36,2019
51714490000000.0,51.0,5171449.0,,D,,Sutter Union High,Sutter,189.0,22.0,25,22,24,23,17,77.27,2019
51714640000000.0,51.0,5171464.0,,D,,Yuba City Unified,Sutter,972.0,116.0,23,22,22,23,71,61.21,2019
52715060000000.0,52.0,5271506.0,,D,,Corning Union High,Tehama,228.0,113.0,18,18,18,17,33,29.2,2019
52715710000000.0,52.0,5271571.0,,D,,Los Molinos Unified,Tehama,37.0,38.0,17,15,17,17,9,23.68,2019
52716390000000.0,52.0,5271639.0,,D,,Red Bluff Joint Union High,Tehama,372.0,151.0,20,19,20,20,63,41.72,2019
53765130000000.0,53.0,5376513.0,,D,,Trinity Alps Unified,Trinity,93.0,15.0,24,24,23,23,11,73.33,2019
54718600000000.0,54.0,5471860.0,,D,,Cutler-Orosi Joint Unified,Tulare,292.0,85.0,17,15,17,17,10,11.76,2019
54722490000000.0,54.0,5472249.0,,D,,Tulare Joint Union High,Tulare,1284.0,177.0,20,19,20,19,63,35.59,2019
54722560000000.0,54.0,5472256.0,,D,,Visalia Unified,Tulare,2216.0,187.0,22,21,21,22,103,55.08,2019
54753250000000.0,54.0,5475325.0,,D,,Farmersville Unified,Tulare,216.0,46.0,18,16,17,17,8,17.39,2019
54755230000000.0,54.0,5475523.0,,D,,Porterville Unified,Tulare,1665.0,283.0,19,18,19,19,88,31.1,2019
54755310000000.0,54.0,5475531.0,,D,,Dinuba Unified,Tulare,538.0,96.0,18,16,17,19,18,18.75,2019
54767940000000.0,54.0,5476794.0,,D,,Woodlake Unified,Tulare,168.0,30.0,18,18,19,18,8,26.67,2019
54768360000000.0,54.0,5476836.0,,D,,Exeter Unified,Tulare,225.0,18.0,25,23,20,23,13,72.22,2019
56724540000000.0,56.0,5672454.0,,D,,Fillmore Unified,Ventura,298.0,29.0,24,23,23,23,19,65.52,2019
56725200000000.0,56.0,5672520.0,,D,,Ojai Unified,Ventura,192.0,15.0,26,26,24,24,13,86.67,2019
56725460000000.0,56.0,5672546.0,,D,,Oxnard Union High,Ventura,4063.0,317.0,22,21,21,21,161,50.79,2019
56726030000000.0,56.0,5672603.0,,D,,Simi Valley Unified,Ventura,1416.0,159.0,25,25,24,24,122,76.73,2019
56726520000000.0,56.0,5672652.0,,D,,Ventura Unified,Ventura,1301.0,213.0,24,22,22,22,132,61.97,2019
56737590000000.0,56.0,5673759.0,,D,,Conejo Valley Unified,Ventura,1767.0,421.0,27,27,26,26,358,85.04,2019
56738740000000.0,56.0,5673874.0,,D,,Oak Park Unified,Ventura,438.0,157.0,29,29,27,27,147,93.63,2019
56739400000000.0,56.0,5673940.0,,D,,Moorpark Unified,Ventura,505.0,112.0,25,24,24,24,88,78.57,2019
56768280000000.0,56.0,5676828.0,,D,,Santa Paula Unified,Ventura,429.0,126.0,20,18,19,20,44,34.92,2019
57726780000000.0,57.0,5772678.0,,D,,Davis Joint Unified,Yolo,717.0,156.0,28,27,28,27,145,92.95,2019
57726940000000.0,57.0,5772694.0,,D,,Washington Unified,Yolo,563.0,54.0,21,19,20,20,23,42.59,2019
57727100000000.0,57.0,5772710.0,,D,,Woodland Joint Unified,Yolo,767.0,139.0,20,19,19,20,53,38.13,2019
58727360000000.0,58.0,5872736.0,,D,,Marysville Joint Unified,Yuba,602.0,42.0,20,18,19,19,17,40.48,2019
58727690000000.0,58.0,5872769.0,,D,,Wheatland Union High,Yuba,167.0,18.0,23,21,21,22,10,55.56,2019
