CDS,CCode,CDCode,SCode,RType,SName,DName,CName,Enroll12,NumTSTTakr12,NumERWBenchmark12,PctERWBenchmark12,NumMathBenchmark12,PctMathBenchmark12,TotNumBothBenchmark12,PctBothBenchmark12,Year
1611760000000.0,1.0,161176.0,0.0,D,,Fremont Unified,Alameda,2537.0,845.0,767,90.77,695,82.25,678,80.24,2019
1612750000000.0,1.0,161275.0,0.0,D,,Piedmont City Unified,Alameda,231.0,78.0,68,87.18,62,79.49,61,78.21,2019
1612910000000.0,1.0,161291.0,0.0,D,,San Leandro Unified,Alameda,754.0,193.0,138,71.5,83,43.01,77,39.9,2019
10621660000000.0,10.0,1062166.0,0.0,D,,Fresno Unified,Fresno,4593.0,1048.0,611,58.3,344,32.82,323,30.82,2019
10751270000000.0,10.0,1075127.0,0.0,D,,Mendota Unified,Fresno,234.0,69.0,23,33.33,11,15.94,9,13.04,2019
13631070000000.0,13.0,1363107.0,0.0,D,,Calipatria Unified,Imperial,91.0,27.0,14,51.85,6,22.22,5,18.52,2019
15638590000000.0,15.0,1563859.0,0.0,D,,Wasco Union High,Kern,453.0,184.0,80,43.48,48,26.09,40,21.74,2019
19645840000000.0,19.0,1964584.0,0.0,D,,Gorman Joint,Los Angeles,113.0,25.0,22,88.0,12,48.0,12,48.0,2019
19647740000000.0,19.0,1964774.0,0.0,D,,Lynwood Unified,Los Angeles,1072.0,285.0,154,54.04,58,20.35,53,18.6,2019
19651280000000.0,19.0,1965128.0,0.0,D,,Whittier Union High,Los Angeles,3048.0,1227.0,848,69.11,565,46.05,521,42.46,2019
19734520000000.0,19.0,1973452.0,0.0,D,,Rowland Unified,Los Angeles,1186.0,386.0,271,70.21,189,48.96,174,45.08,2019
21654820000000.0,21.0,2165482.0,0.0,D,,Tamalpais Union High,Marin,1233.0,435.0,415,95.4,363,83.45,361,82.99,2019
23655810000000.0,23.0,2365581.0,0.0,D,,Mendocino Unified,Mendocino,52.0,17.0,17,100.0,12,70.59,12,70.59,2019
36103630000000.0,36.0,3610363.0,0.0,D,,San Bernardino County Office of Education,San Bernardino,673.0,77.0,56,72.73,24,31.17,22,28.57,2019
36676520000000.0,36.0,3667652.0,0.0,D,,Chaffey Joint Union High,San Bernardino,6046.0,2437.0,1695,69.55,1099,45.1,1033,42.39,2019
36750770000000.0,36.0,3675077.0,0.0,D,,Apple Valley Unified,San Bernardino,1086.0,316.0,256,81.01,124,39.24,118,37.34,2019
37680310000000.0,37.0,3768031.0,0.0,D,,Coronado Unified,San Diego,294.0,152.0,144,94.74,115,75.66,113,74.34,2019
37681300000000.0,37.0,3768130.0,0.0,D,,Grossmont Union High,San Diego,5541.0,1514.0,1195,78.93,940,62.09,886,58.52,2019
39754990000000.0,39.0,3975499.0,0.0,D,,Tracy Joint Unified,San Joaquin,1515.0,483.0,387,80.12,262,54.24,247,51.14,2019
43104390000000.0,43.0,4310439.0,0.0,D,,Santa Clara County Office of Education,Santa Clara,915.0,124.0,99,79.84,71,57.26,68,54.84,2019
43733870000000.0,43.0,4373387.0,0.0,D,,Milpitas Unified,Santa Clara,829.0,335.0,297,88.66,259,77.31,249,74.33,2019
44698230000000.0,44.0,4469823.0,0.0,D,,Santa Cruz City High,Santa Cruz,862.0,287.0,236,82.23,193,67.25,183,63.76,2019
50755720000000.0,50.0,5075572.0,0.0,D,,Waterford Unified,Stanislaus,359.0,66.0,43,65.15,20,30.3,18,27.27,2019
52716390000000.0,52.0,5271639.0,0.0,D,,Red Bluff Joint Union High,Tehama,372.0,46.0,35,76.09,30,65.22,29,63.04,2019
1612000000000.0,1.0,161200.0,0.0,D,,Livermore Valley Joint Unified,Alameda,1128.0,315.0,279,88.57,246,78.1,231,73.33,2019
9618530000000.0,9.0,961853.0,0.0,D,,El Dorado Union High,El Dorado,1609.0,526.0,483,91.83,417,79.28,404,76.81,2019
10752750000000.0,10.0,1075275.0,0.0,D,,Sierra Unified,Fresno,103.0,28.0,26,92.86,15,53.57,15,53.57,2019
12755150000000.0,12.0,1275515.0,0.0,D,,Eureka City Schools,Humboldt,347.0,58.0,48,82.76,33,56.9,32,55.17,2019
13631490000000.0,13.0,1363149.0,0.0,D,,Holtville Unified,Imperial,151.0,52.0,41,78.85,19,36.54,18,34.62,2019
15101570000000.0,15.0,1510157.0,0.0,D,,Kern County Office of Education,Kern,582.0,113.0,48,42.48,27,23.89,24,21.24,2019
17640300000000.0,17.0,1764030.0,0.0,D,,Lakeport Unified,Lake,88.0,27.0,24,88.89,18,66.67,18,66.67,2019
19646830000000.0,19.0,1964683.0,0.0,D,,Las Virgenes Unified,Los Angeles,986.0,337.0,309,91.69,254,75.37,248,73.59,2019
19649640000000.0,19.0,1964964.0,0.0,D,,San Marino Unified,Los Angeles,275.0,120.0,114,95.0,112,93.33,110,91.67,2019
19734450000000.0,19.0,1973445.0,0.0,D,,Hacienda la Puente Unified,Los Angeles,1459.0,1110.0,541,48.74,362,32.61,323,29.1,2019
20756060000000.0,20.0,2075606.0,0.0,D,,Chawanakee Unified,Madera,154.0,47.0,30,63.83,12,25.53,12,25.53,2019
23656150000000.0,23.0,2365615.0,0.0,D,,Ukiah Unified,Mendocino,525.0,91.0,76,83.52,60,65.93,57,62.64,2019
23656230000000.0,23.0,2365623.0,0.0,D,,Willits Unified,Mendocino,102.0,19.0,14,73.68,7,36.84,6,31.58,2019
24753660000000.0,24.0,2475366.0,0.0,D,,Delhi Unified,Merced,167.0,82.0,50,60.98,14,17.07,14,17.07,2019
27660920000000.0,27.0,2766092.0,0.0,D,,Monterey Peninsula Unified,Monterey,854.0,536.0,311,58.02,199,37.13,181,33.77,2019
33751920000000.0,33.0,3375192.0,0.0,D,,Temecula Valley Unified,Riverside,2453.0,1014.0,863,85.11,595,58.68,573,56.51,2019
33752000000000.0,33.0,3375200.0,0.0,D,,Murrieta Valley Unified,Riverside,2168.0,834.0,676,81.06,461,55.28,438,52.52,2019
34673140000000.0,34.0,3467314.0,0.0,D,,Elk Grove Unified,Sacramento,5228.0,1884.0,1467,77.87,1117,59.29,1051,55.79,2019
36678680000000.0,36.0,3667868.0,0.0,D,,Rim of the World Unified,San Bernardino,239.0,56.0,41,73.21,19,33.93,17,30.36,2019
36679590000000.0,36.0,3667959.0,0.0,D,,Yucaipa-Calimesa Joint Unified,San Bernardino,739.0,227.0,180,79.3,135,59.47,129,56.83,2019
37735510000000.0,37.0,3773551.0,0.0,D,,Carlsbad Unified,San Diego,913.0,341.0,311,91.2,263,77.13,259,75.95,2019
47705160000000.0,47.0,4770516.0,0.0,D,,Yreka Union High,Siskiyou,150.0,41.0,31,75.61,24,58.54,22,53.66,2019
51713990000000.0,51.0,5171399.0,0.0,D,,Live Oak Unified,Sutter,143.0,36.0,24,66.67,12,33.33,11,30.56,2019
57726940000000.0,57.0,5772694.0,0.0,D,,Washington Unified,Yolo,563.0,182.0,110,60.44,71,39.01,66,36.26,2019
1611190000000.0,1.0,161119.0,0.0,D,,Alameda Unified,Alameda,919.0,373.0,291,78.02,240,64.34,222,59.52,2019
10621580000000.0,10.0,1062158.0,0.0,D,,Fowler Unified,Fresno,211.0,76.0,44,57.89,19,25.0,18,23.68,2019
10752340000000.0,10.0,1075234.0,0.0,D,,Golden Plains Unified,Fresno,125.0,27.0,10,37.04,0,0.0,0,0.0,2019
10755980000000.0,10.0,1075598.0,0.0,D,,Caruthers Unified,Fresno,156.0,57.0,29,50.88,12,21.05,12,21.05,2019
12626870000000.0,12.0,1262687.0,0.0,D,,Northern Humboldt Union High,Humboldt,424.0,100.0,90,90.0,68,68.0,66,66.0,2019
15636770000000.0,15.0,1563677.0,0.0,D,,Mojave Unified,Kern,143.0,31.0,26,83.87,10,32.26,10,32.26,2019
15636850000000.0,15.0,1563685.0,0.0,D,,Muroc Joint Unified,Kern,123.0,32.0,30,93.75,20,62.5,19,59.38,2019
19645920000000.0,19.0,1964592.0,0.0,D,,Hawthorne,Los Angeles,112.0,64.0,55,85.94,42,65.63,41,64.06,2019
19647900000000.0,19.0,1964790.0,0.0,D,,Monrovia Unified,Los Angeles,473.0,185.0,137,74.05,81,43.78,79,42.7,2019
19648080000000.0,19.0,1964808.0,0.0,D,,Montebello Unified,Los Angeles,2333.0,658.0,415,63.07,229,34.8,211,32.07,2019
19649070000000.0,19.0,1964907.0,0.0,D,,Pomona Unified,Los Angeles,1897.0,651.0,359,55.15,177,27.19,165,25.35,2019
27659870000000.0,27.0,2765987.0,0.0,D,,Carmel Unified,Monterey,215.0,59.0,55,93.22,46,77.97,46,77.97,2019
27661590000000.0,27.0,2766159.0,0.0,D,,Salinas Union High,Monterey,2683.0,725.0,448,61.79,261,36.0,241,33.24,2019
30103060000000.0,30.0,3010306.0,0.0,D,,Orange County Department of Education,Orange,708.0,85.0,58,68.24,41,48.24,37,43.53,2019
30736430000000.0,30.0,3073643.0,0.0,D,,Tustin Unified,Orange,1992.0,761.0,631,82.92,491,64.52,475,62.42,2019
31750850000000.0,31.0,3175085.0,0.0,D,,Rocklin Unified,Placer,1171.0,417.0,376,90.17,324,77.7,316,75.78,2019
33669770000000.0,33.0,3366977.0,0.0,D,,Alvord Unified,Riverside,1517.0,357.0,224,62.75,143,40.06,129,36.13,2019
33671240000000.0,33.0,3367124.0,0.0,D,,Moreno Valley Unified,Riverside,2481.0,1992.0,759,38.1,345,17.32,320,16.06,2019
34673300000000.0,34.0,3467330.0,0.0,D,,Folsom-Cordova Unified,Sacramento,1617.0,460.0,408,88.7,345,75.0,333,72.39,2019
36677770000000.0,36.0,3667777.0,0.0,D,,Morongo Unified,San Bernardino,565.0,102.0,84,82.35,47,46.08,47,46.08,2019
36750510000000.0,36.0,3675051.0,0.0,D,,Lucerne Valley Unified,San Bernardino,506.0,26.0,17,65.38,8,30.77,7,26.92,2019
37679830000000.0,37.0,3767983.0,0.0,D,,Borrego Springs Unified,San Diego,309.0,31.0,17,54.84,4,12.9,4,12.9,2019
39685930000000.0,39.0,3968593.0,0.0,D,,Manteca Unified,San Joaquin,1925.0,529.0,382,72.21,203,38.37,194,36.67,2019
40687590000000.0,40.0,4068759.0,0.0,D,,Lucia Mar Unified,San Luis Obispo,865.0,202.0,176,87.13,121,59.9,120,59.41,2019
41690700000000.0,41.0,4169070.0,0.0,D,,South San Francisco Unified,San Mateo,682.0,236.0,196,83.05,157,66.53,151,63.98,2019
43695340000000.0,43.0,4369534.0,0.0,D,,Los Gatos-Saratoga Joint Union High,Santa Clara,870.0,292.0,284,97.26,267,91.44,265,90.75,2019
45698560000000.0,45.0,4569856.0,0.0,D,,Anderson Union High,Shasta,444.0,76.0,56,73.68,33,43.42,30,39.47,2019
48705730000000.0,48.0,4870573.0,0.0,D,,Vacaville Unified,Solano,975.0,351.0,275,78.35,201,57.26,188,53.56,2019
49709040000000.0,49.0,4970904.0,0.0,D,,Roseland,Sonoma,147.0,49.0,26,53.06,17,34.69,16,32.65,2019
49753580000000.0,49.0,4975358.0,0.0,D,,Windsor Unified,Sonoma,466.0,140.0,121,86.43,79,56.43,75,53.57,2019
50755640000000.0,50.0,5075564.0,0.0,D,,Oakdale Joint Unified,Stanislaus,437.0,92.0,72,78.26,68,73.91,60,65.22,2019
50757390000000.0,50.0,5075739.0,0.0,D,,Turlock Unified,Stanislaus,1240.0,393.0,299,76.08,187,47.58,178,45.29,2019
1611500000000.0,1.0,161150.0,0.0,D,,Castro Valley Unified,Alameda,737.0,311.0,279,89.71,243,78.14,234,75.24,2019
7100740000000.0,7.0,710074.0,0.0,D,,Contra Costa County Office of Education,Contra Costa,771.0,295.0,237,80.34,179,60.68,175,59.32,2019
7618040000000.0,7.0,761804.0,0.0,D,,San Ramon Valley Unified,Contra Costa,2652.0,933.0,892,95.61,796,85.32,785,84.14,2019
10624140000000.0,10.0,1062414.0,0.0,D,,Sanger Unified,Fresno,850.0,335.0,209,62.39,126,37.61,116,34.63,2019
19643030000000.0,19.0,1964303.0,0.0,D,,Bellflower Unified,Los Angeles,953.0,263.0,207,78.71,138,52.47,130,49.43,2019
19650940000000.0,19.0,1965094.0,0.0,D,,West Covina Unified,Los Angeles,1194.0,356.0,278,78.09,185,51.97,171,48.03,2019
21654660000000.0,21.0,2165466.0,0.0,D,,San Rafael City High,Marin,634.0,245.0,195,79.59,147,60.0,142,57.96,2019
23655400000000.0,23.0,2365540.0,0.0,D,,Anderson Valley Unified,Mendocino,55.0,25.0,17,68.0,5,20.0,5,20.0,2019
27738250000000.0,27.0,2773825.0,0.0,D,,North Monterey County Unified,Monterey,369.0,111.0,64,57.66,30,27.03,30,27.03,2019
30664490000000.0,30.0,3066449.0,0.0,D,,Brea-Olinda Unified,Orange,506.0,205.0,188,91.71,154,75.12,148,72.2,2019
30666210000000.0,30.0,3066621.0,0.0,D,,Orange Unified,Orange,2261.0,1870.0,1053,56.31,709,37.91,670,35.83,2019
30739240000000.0,30.0,3073924.0,0.0,D,,Los Alamitos Unified,Orange,759.0,319.0,292,91.54,234,73.35,227,71.16,2019
31669440000000.0,31.0,3166944.0,0.0,D,,Tahoe-Truckee Unified,Placer,303.0,105.0,83,79.05,70,66.67,65,61.9,2019
33670820000000.0,33.0,3367082.0,0.0,D,,Hemet Unified,Riverside,1858.0,1195.0,583,48.79,288,24.1,272,22.76,2019
34739730000000.0,34.0,3473973.0,0.0,D,,Center Joint Unified,Sacramento,354.0,53.0,44,83.02,36,67.92,33,62.26,2019
36676110000000.0,36.0,3667611.0,0.0,D,,Barstow Unified,San Bernardino,394.0,44.0,29,65.91,19,43.18,19,43.18,2019
36679340000000.0,36.0,3667934.0,0.0,D,,Victor Valley Union High,San Bernardino,1911.0,501.0,314,62.67,145,28.94,137,27.35,2019
36739570000000.0,36.0,3673957.0,0.0,D,,Snowline Joint Unified,San Bernardino,560.0,138.0,111,80.43,67,48.55,65,47.1,2019
38684780000000.0,38.0,3868478.0,0.0,D,,San Francisco Unified,San Francisco,4399.0,2256.0,1579,69.99,1380,61.17,1248,55.32,2019
43695830000000.0,43.0,4369583.0,0.0,D,,Morgan Hill Unified,Santa Clara,636.0,259.0,222,85.71,180,69.5,172,66.41,2019
54767940000000.0,54.0,5476794.0,0.0,D,,Woodlake Unified,Tulare,168.0,22.0,15,68.18,6,27.27,6,27.27,2019
56738740000000.0,56.0,5673874.0,0.0,D,,Oak Park Unified,Ventura,438.0,168.0,160,95.24,147,87.5,146,86.9,2019
7616300000000.0,7.0,761630.0,0.0,D,,Acalanes Union High,Contra Costa,1408.0,473.0,452,95.56,393,83.09,393,83.09,2019
7617880000000.0,7.0,761788.0,0.0,D,,Pittsburg Unified,Contra Costa,840.0,279.0,164,58.78,96,34.41,89,31.9,2019
10739990000000.0,10.0,1073999.0,0.0,D,,Kerman Unified,Fresno,416.0,102.0,66,64.71,38,37.25,37,36.27,2019
14766870000000.0,14.0,1476687.0,0.0,D,,Bishop Unified,Inyo,158.0,53.0,41,77.36,29,54.72,27,50.94,2019
19643290000000.0,19.0,1964329.0,0.0,D,,Bonita Unified,Los Angeles,865.0,316.0,259,81.96,176,55.7,168,53.16,2019
19645270000000.0,19.0,1964527.0,0.0,D,,El Rancho Unified,Los Angeles,731.0,267.0,165,61.8,95,35.58,85,31.84,2019
19648650000000.0,19.0,1964865.0,0.0,D,,Palos Verdes Peninsula Unified,Los Angeles,1118.0,440.0,416,94.55,372,84.55,365,82.95,2019
24657550000000.0,24.0,2465755.0,0.0,D,,Los Banos Unified,Merced,815.0,215.0,134,62.33,67,31.16,63,29.3,2019
27754730000000.0,27.0,2775473.0,0.0,D,,Gonzales Unified,Monterey,191.0,54.0,31,57.41,9,16.67,8,14.81,2019
31669510000000.0,31.0,3166951.0,0.0,D,,Western Placer Unified,Placer,745.0,142.0,117,82.39,75,52.82,72,50.7,2019
33670900000000.0,33.0,3367090.0,0.0,D,,Jurupa Unified,Riverside,1486.0,383.0,228,59.53,133,34.73,127,33.16,2019
33672070000000.0,33.0,3367207.0,0.0,D,,Perris Union High,Riverside,2224.0,696.0,441,63.36,218,31.32,203,29.17,2019
37680490000000.0,37.0,3768049.0,0.0,D,,Dehesa Elementary,San Diego,469.0,26.0,19,73.08,10,38.46,10,38.46,2019
37684030000000.0,37.0,3768403.0,0.0,D,,Spencer Valley Elementary,San Diego,299.0,27.0,24,88.89,15,55.56,15,55.56,2019
37684520000000.0,37.0,3768452.0,0.0,D,,Vista Unified,San Diego,2363.0,527.0,399,75.71,321,60.91,302,57.31,2019
37764710000000.0,37.0,3776471.0,0.0,D,,SBC - High Tech High,San Diego,242.0,149.0,101,67.79,45,30.2,43,28.86,2019
39685770000000.0,39.0,3968577.0,0.0,D,,Linden Unified,San Joaquin,177.0,33.0,26,78.79,14,42.42,14,42.42,2019
39685850000000.0,39.0,3968585.0,0.0,D,,Lodi Unified,San Joaquin,2471.0,732.0,551,75.27,436,59.56,407,55.6,2019
39686500000000.0,39.0,3968650.0,0.0,D,,Ripon Unified,San Joaquin,405.0,94.0,83,88.3,46,48.94,45,47.87,2019
42691460000000.0,42.0,4269146.0,0.0,D,,Carpinteria Unified,Santa Barbara,167.0,49.0,39,79.59,34,69.39,31,63.27,2019
43694010000000.0,43.0,4369401.0,0.0,D,,Campbell Union High,Santa Clara,2023.0,661.0,581,87.9,459,69.44,447,67.62,2019
43696660000000.0,43.0,4369666.0,0.0,D,,San Jose Unified,Santa Clara,2648.0,648.0,508,78.4,385,59.41,371,57.25,2019
50710430000000.0,50.0,5071043.0,0.0,D,,Ceres Unified,Stanislaus,1073.0,352.0,201,57.1,92,26.14,82,23.3,2019
54768360000000.0,54.0,5476836.0,0.0,D,,Exeter Unified,Tulare,225.0,50.0,34,68.0,17,34.0,15,30.0,2019
55724130000000.0,55.0,5572413.0,0.0,D,,Summerville Union High,Tuolumne,189.0,25.0,21,84.0,16,64.0,16,64.0,2019
57726860000000.0,57.0,5772686.0,0.0,D,,Esparto Unified,Yolo,46.0,16.0,6,37.5,6,37.5,4,25.0,2019
4614320000000.0,4.0,461432.0,0.0,D,,Durham Unified,Butte,72.0,31.0,30,96.77,21,67.74,21,67.74,2019
4615310000000.0,4.0,461531.0,0.0,D,,Paradise Unified,Butte,328.0,54.0,49,90.74,39,72.22,38,70.37,2019
7617390000000.0,7.0,761739.0,0.0,D,,Martinez Unified,Contra Costa,349.0,80.0,72,90.0,60,75.0,60,75.0,2019
7617540000000.0,7.0,761754.0,0.0,D,,Mt. Diablo Unified,Contra Costa,2145.0,614.0,477,77.69,377,61.4,364,59.28,2019
9619030000000.0,9.0,961903.0,0.0,D,,Lake Tahoe Unified,El Dorado,275.0,54.0,43,79.63,30,55.56,28,51.85,2019
10622650000000.0,10.0,1062265.0,0.0,D,,Kings Canyon Joint Unified,Fresno,619.0,169.0,97,57.4,51,30.18,48,28.4,2019
10739650000000.0,10.0,1073965.0,0.0,D,,Central Unified,Fresno,1096.0,379.0,224,59.1,98,25.86,94,24.8,2019
15635290000000.0,15.0,1563529.0,0.0,D,,Kern High,Kern,10175.0,2786.0,1739,62.42,1113,39.95,1025,36.79,2019
16639820000000.0,16.0,1663982.0,0.0,D,,Lemoore Union High,Kings,527.0,131.0,103,78.63,57,43.51,53,40.46,2019
30736500000000.0,30.0,3073650.0,0.0,D,,Irvine Unified,Orange,2552.0,831.0,787,94.71,750,90.25,732,88.09,2019
31668940000000.0,31.0,3166894.0,0.0,D,,Placer Union High,Placer,1002.0,333.0,283,84.98,229,68.77,221,66.37,2019
34673550000000.0,34.0,3467355.0,0.0,D,,Galt Joint Union High,Sacramento,567.0,214.0,153,71.5,106,49.53,99,46.26,2019
36676370000000.0,36.0,3667637.0,0.0,D,,Bear Valley Unified,San Bernardino,195.0,36.0,31,86.11,20,55.56,20,55.56,2019
36676860000000.0,36.0,3667686.0,0.0,D,,Colton Joint Unified,San Bernardino,1621.0,398.0,254,63.82,149,37.44,136,34.17,2019
37103710000000.0,37.0,3710371.0,0.0,D,,San Diego County Office of Education,San Diego,631.0,15.0,0,0.0,0,0.0,0,0.0,2019
37681060000000.0,37.0,3768106.0,0.0,D,,Escondido Union High,San Diego,2532.0,773.0,582,75.29,372,48.12,362,46.83,2019
37682960000000.0,37.0,3768296.0,0.0,D,,Poway Unified,San Diego,2918.0,1102.0,1016,92.2,902,81.85,882,80.04,2019
39686760000000.0,39.0,3968676.0,0.0,D,,Stockton Unified,San Joaquin,2734.0,928.0,499,53.77,293,31.57,258,27.8,2019
40754570000000.0,40.0,4075457.0,0.0,D,,Paso Robles Joint Unified,San Luis Obispo,578.0,132.0,105,79.55,71,53.79,67,50.76,2019
42692600000000.0,42.0,4269260.0,0.0,D,,Orcutt Union Elementary,Santa Barbara,145.0,56.0,52,92.86,44,78.57,43,76.79,2019
43694270000000.0,43.0,4369427.0,0.0,D,,East Side Union High,Santa Clara,6785.0,2388.0,1779,74.5,1401,58.67,1320,55.28,2019
43696090000000.0,43.0,4369609.0,0.0,D,,Mountain View-Los Altos Union High,Santa Clara,1061.0,346.0,310,89.6,281,81.21,274,79.19,2019
43696740000000.0,43.0,4369674.0,0.0,D,,Santa Clara Unified,Santa Clara,1136.0,287.0,246,85.71,198,68.99,192,66.9,2019
49706070000000.0,49.0,4970607.0,0.0,D,,West Sonoma County Union High,Sonoma,450.0,137.0,125,91.24,94,68.61,92,67.15,2019
49738820000000.0,49.0,4973882.0,0.0,D,,Cotati-Rohnert Park Unified,Sonoma,529.0,132.0,95,71.97,64,48.48,58,43.94,2019
50710680000000.0,50.0,5071068.0,0.0,D,,Denair Unified,Stanislaus,143.0,30.0,13,43.33,11,36.67,10,33.33,2019
56725460000000.0,56.0,5672546.0,0.0,D,,Oxnard Union High,Ventura,4063.0,2690.0,1197,44.5,784,29.14,714,26.54,2019
58727360000000.0,58.0,5872736.0,0.0,D,,Marysville Joint Unified,Yuba,602.0,119.0,91,76.47,58,48.74,56,47.06,2019
1611270000000.0,1.0,161127.0,0.0,D,,Albany City Unified,Alameda,307.0,114.0,107,93.86,97,85.09,96,84.21,2019
4755070000000.0,4.0,475507.0,0.0,D,,Gridley Unified,Butte,175.0,65.0,40,61.54,35,53.85,31,47.69,2019
8618200000000.0,8.0,861820.0,0.0,D,,Del Norte County Unified,Del Norte,246.0,71.0,49,69.01,36,50.7,30,42.25,2019
10767780000000.0,10.0,1076778.0,0.0,D,,Washington Unified,Fresno,339.0,82.0,36,43.9,9,10.98,8,9.76,2019
12101240000000.0,12.0,1210124.0,0.0,D,,Humboldt County Office of Education,Humboldt,87.0,21.0,18,85.71,15,71.43,13,61.9,2019
12628100000000.0,12.0,1262810.0,0.0,D,,Fortuna Union High,Humboldt,274.0,78.0,58,74.36,45,57.69,42,53.85,2019
13631150000000.0,13.0,1363115.0,0.0,D,,Central Union High,Imperial,958.0,274.0,190,69.34,116,42.34,110,40.15,2019
15634120000000.0,15.0,1563412.0,0.0,D,,Delano Joint Union High,Kern,1004.0,320.0,179,55.94,122,38.13,108,33.75,2019
19101990000000.0,19.0,1910199.0,0.0,D,,Los Angeles County Office of Education,Los Angeles,1236.0,368.0,258,70.11,136,36.96,130,35.33,2019
19642460000000.0,19.0,1964246.0,0.0,D,,Antelope Valley Union High,Los Angeles,5657.0,1147.0,758,66.09,376,32.78,359,31.3,2019
19642610000000.0,19.0,1964261.0,0.0,D,,Arcadia Unified,Los Angeles,857.0,372.0,346,93.01,327,87.9,313,84.14,2019
19648400000000.0,19.0,1964840.0,0.0,D,,Norwalk-La Mirada Unified,Los Angeles,1403.0,1223.0,524,42.85,266,21.75,242,19.79,2019
19734370000000.0,19.0,1973437.0,0.0,D,,Compton Unified,Los Angeles,1361.0,280.0,115,41.07,45,16.07,41,14.64,2019
30665970000000.0,30.0,3066597.0,0.0,D,,Newport-Mesa Unified,Orange,1817.0,411.0,319,77.62,241,58.64,232,56.45,2019
30666700000000.0,30.0,3066670.0,0.0,D,,Santa Ana Unified,Orange,4128.0,3149.0,1163,36.93,790,25.09,673,21.37,2019
33671730000000.0,33.0,3367173.0,0.0,D,,Palm Springs Unified,Riverside,1777.0,470.0,299,63.62,149,31.7,141,30.0,2019
34674390000000.0,34.0,3467439.0,0.0,D,,Sacramento City Unified,Sacramento,3244.0,787.0,501,63.66,354,44.98,327,41.55,2019
34765050000000.0,34.0,3476505.0,0.0,D,,Twin Rivers Unified,Sacramento,2234.0,1156.0,384,33.22,198,17.13,179,15.48,2019
36678500000000.0,36.0,3667850.0,0.0,D,,Rialto Unified,San Bernardino,1973.0,467.0,271,58.03,165,35.33,151,32.33,2019
37737910000000.0,37.0,3773791.0,0.0,D,,San Marcos Unified,San Diego,1534.0,533.0,447,83.86,312,58.54,301,56.47,2019
51713730000000.0,51.0,5171373.0,0.0,D,,East Nicolaus Joint Union High,Sutter,79.0,35.0,26,74.29,16,45.71,16,45.71,2019
54718030000000.0,54.0,5471803.0,0.0,D,,Alpaugh Unified,Tulare,80.0,18.0,8,44.44,4,22.22,4,22.22,2019
1612420000000.0,1.0,161242.0,0.0,D,,New Haven Unified,Alameda,1043.0,337.0,270,80.12,211,62.61,201,59.64,2019
1612590000000.0,1.0,161259.0,0.0,D,,Oakland Unified,Alameda,3663.0,1215.0,687,56.54,443,36.46,408,33.58,2019
4615150000000.0,4.0,461515.0,0.0,D,,Oroville Union High,Butte,521.0,70.0,51,72.86,31,44.29,29,41.43,2019
10754080000000.0,10.0,1075408.0,0.0,D,,Riverdale Joint Unified,Fresno,127.0,41.0,19,46.34,10,24.39,9,21.95,2019
15638260000000.0,15.0,1563826.0,0.0,D,,Tehachapi Unified,Kern,296.0,62.0,51,82.26,33,53.23,33,53.23,2019
19642870000000.0,19.0,1964287.0,0.0,D,,Baldwin Park Unified,Los Angeles,1702.0,428.0,274,64.02,149,34.81,132,30.84,2019
19645190000000.0,19.0,1964519.0,0.0,D,,El Monte Union High,Los Angeles,2308.0,726.0,511,70.39,390,53.72,358,49.31,2019
19646340000000.0,19.0,1964634.0,0.0,D,,Inglewood Unified,Los Angeles,695.0,250.0,122,48.8,48,19.2,47,18.8,2019
19648730000000.0,19.0,1964873.0,0.0,D,,Paramount Unified,Los Angeles,1281.0,1000.0,354,35.4,185,18.5,158,15.8,2019
19648810000000.0,19.0,1964881.0,0.0,D,,Pasadena Unified,Los Angeles,1544.0,574.0,383,66.72,233,40.59,218,37.98,2019
19651360000000.0,19.0,1965136.0,0.0,D,,William S. Hart Union High,Los Angeles,4252.0,1376.0,1212,88.08,941,68.39,914,66.42,2019
19756970000000.0,19.0,1975697.0,0.0,D,,SBE - The School of Arts and Enterprise,Los Angeles,75.0,69.0,35,50.72,8,11.59,8,11.59,2019
20652430000000.0,20.0,2065243.0,0.0,D,,Madera Unified,Madera,1296.0,204.0,110,53.92,53,25.98,49,24.02,2019
21654170000000.0,21.0,2165417.0,0.0,D,,Novato Unified,Marin,667.0,258.0,231,89.53,155,60.08,155,60.08,2019
24656980000000.0,24.0,2465698.0,0.0,D,,Hilmar Unified,Merced,166.0,46.0,29,63.04,16,34.78,16,34.78,2019
27661340000000.0,27.0,2766134.0,0.0,D,,Pacific Grove Unified,Monterey,151.0,63.0,53,84.13,52,82.54,48,76.19,2019
30665140000000.0,30.0,3066514.0,0.0,D,,Fullerton Joint Union High,Orange,3550.0,1217.0,1015,83.4,803,65.98,775,63.68,2019
30665220000000.0,30.0,3066522.0,0.0,D,,Garden Grove Unified,Orange,3627.0,1574.0,1185,75.29,889,56.48,834,52.99,2019
31669280000000.0,31.0,3166928.0,0.0,D,,Roseville Joint Union High,Placer,2555.0,941.0,831,88.31,686,72.9,665,70.67,2019
33103300000000.0,33.0,3310330.0,0.0,D,,Riverside County Office of Education,Riverside,858.0,84.0,32,38.1,23,27.38,23,27.38,2019
33672150000000.0,33.0,3367215.0,0.0,D,,Riverside Unified,Riverside,3434.0,1290.0,873,67.67,594,46.05,546,42.33,2019
33752420000000.0,33.0,3375242.0,0.0,D,,Val Verde Unified,Riverside,1641.0,1310.0,515,39.31,254,19.39,225,17.18,2019
36678430000000.0,36.0,3667843.0,0.0,D,,Redlands Unified,San Bernardino,1842.0,1106.0,782,70.71,594,53.71,551,49.82,2019
36750440000000.0,36.0,3675044.0,0.0,D,,Hesperia Unified,San Bernardino,1986.0,472.0,301,63.77,164,34.75,145,30.72,2019
37680230000000.0,37.0,3768023.0,0.0,D,,Chula Vista Elementary,San Diego,228.0,112.0,83,74.11,31,27.68,30,26.79,2019
37681220000000.0,37.0,3768122.0,0.0,D,,Fallbrook Union High,San Diego,557.0,110.0,81,73.64,55,50.0,53,48.18,2019
37683040000000.0,37.0,3768304.0,0.0,D,,Ramona City Unified,San Diego,476.0,120.0,96,80.0,72,60.0,68,56.67,2019
37735690000000.0,37.0,3773569.0,0.0,D,,Oceanside Unified,San Diego,1628.0,396.0,292,73.74,224,56.57,206,52.02,2019
42693280000000.0,42.0,4269328.0,0.0,D,,Santa Ynez Valley Union High,Santa Barbara,231.0,69.0,63,91.3,49,71.01,48,69.57,2019
47764550000000.0,47.0,4776455.0,0.0,D,,Scott Valley Unified,Siskiyou,45.0,16.0,9,56.25,7,43.75,6,37.5,2019
50712170000000.0,50.0,5071217.0,0.0,D,,Patterson Joint Unified,Stanislaus,458.0,216.0,116,53.7,57,26.39,53,24.54,2019
54722560000000.0,54.0,5472256.0,0.0,D,,Visalia Unified,Tulare,2216.0,467.0,356,76.23,218,46.68,209,44.75,2019
54755310000000.0,54.0,5475531.0,0.0,D,,Dinuba Unified,Tulare,538.0,115.0,67,58.26,37,32.17,35,30.43,2019
1611920000000.0,1.0,161192.0,0.0,D,,Hayward Unified,Alameda,1601.0,549.0,341,62.11,239,43.53,216,39.34,2019
1613090000000.0,1.0,161309.0,0.0,D,,San Lorenzo Unified,Alameda,1099.0,364.0,244,67.03,170,46.7,151,41.48,2019
1750930000000.0,1.0,175093.0,0.0,D,,Dublin Unified,Alameda,695.0,271.0,255,94.1,214,78.97,212,78.23,2019
6616140000000.0,6.0,661614.0,0.0,D,,Pierce Joint Unified,Colusa,107.0,21.0,11,52.38,3,14.29,3,14.29,2019
7617210000000.0,7.0,761721.0,0.0,D,,Liberty Union High,Contra Costa,2138.0,639.0,505,79.03,344,53.83,333,52.11,2019
10623640000000.0,10.0,1062364.0,0.0,D,,Parlier Unified,Fresno,232.0,51.0,23,45.1,14,27.45,11,21.57,2019
14101400000000.0,14.0,1410140.0,0.0,D,,Inyo County Office of Education,Inyo,361.0,23.0,1,4.35,1,4.35,0,0.0,2019
16638910000000.0,16.0,1663891.0,0.0,D,,Corcoran Joint Unified,Kings,187.0,49.0,27,55.1,17,34.69,16,32.65,2019
18641390000000.0,18.0,1864139.0,0.0,D,,Lassen Union High,Lassen,190.0,40.0,32,80.0,17,42.5,16,40.0,2019
19645350000000.0,19.0,1964535.0,0.0,D,,El Segundo Unified,Los Angeles,319.0,142.0,133,93.66,95,66.9,92,64.79,2019
19646910000000.0,19.0,1964691.0,0.0,D,,Lawndale Elementary,Los Angeles,126.0,95.0,50,52.63,29,30.53,22,23.16,2019
24657890000000.0,24.0,2465789.0,0.0,D,,Merced Union High,Merced,2577.0,744.0,470,63.17,261,35.08,237,31.85,2019
24736190000000.0,24.0,2473619.0,0.0,D,,Gustine Unified,Merced,155.0,18.0,9,50.0,3,16.67,3,16.67,2019
33670330000000.0,33.0,3367033.0,0.0,D,,Corona-Norco Unified,Riverside,4488.0,1736.0,1354,78.0,990,57.03,931,53.63,2019
34674470000000.0,34.0,3467447.0,0.0,D,,San Juan Unified,Sacramento,4487.0,938.0,770,82.09,547,58.32,528,56.29,2019
37681630000000.0,37.0,3768163.0,0.0,D,,Julian Union Elementary,San Diego,207.0,18.0,14,77.78,7,38.89,7,38.89,2019
39685020000000.0,39.0,3968502.0,0.0,D,,Escalon Unified,San Joaquin,201.0,63.0,48,76.19,30,47.62,28,44.44,2019
39686270000000.0,39.0,3968627.0,0.0,D,,New Jerusalem Elementary,San Joaquin,523.0,72.0,38,52.78,19,26.39,18,25.0,2019
42692290000000.0,42.0,4269229.0,0.0,D,,Lompoc Unified,Santa Barbara,648.0,62.0,53,85.48,40,64.52,40,64.52,2019
44104470000000.0,44.0,4410447.0,0.0,D,,Santa Cruz County Office of Education,Santa Cruz,594.0,59.0,57,96.61,47,79.66,47,79.66,2019
48705650000000.0,48.0,4870565.0,0.0,D,,Travis Unified,Solano,419.0,163.0,132,80.98,90,55.21,87,53.37,2019
51714490000000.0,51.0,5171449.0,0.0,D,,Sutter Union High,Sutter,189.0,49.0,44,89.8,32,65.31,32,65.31,2019
52715060000000.0,52.0,5271506.0,0.0,D,,Corning Union High,Tehama,228.0,30.0,24,80.0,18,60.0,18,60.0,2019
54105460000000.0,54.0,5410546.0,0.0,D,,Tulare County Office of Education,Tulare,465.0,31.0,25,80.65,17,54.84,17,54.84,2019
55723890000000.0,55.0,5572389.0,0.0,D,,Sonora Union High,Tuolumne,263.0,41.0,38,92.68,31,75.61,31,75.61,2019
56726030000000.0,56.0,5672603.0,0.0,D,,Simi Valley Unified,Ventura,1416.0,321.0,283,88.16,219,68.22,206,64.17,2019
6616220000000.0,6.0,661622.0,0.0,D,,Williams Unified,Colusa,87.0,29.0,11,37.93,1,3.45,0,0.0,2019
7616970000000.0,7.0,761697.0,0.0,D,,John Swett Unified,Contra Costa,123.0,38.0,26,68.42,20,52.63,18,47.37,2019
11765620000000.0,11.0,1176562.0,0.0,D,,Hamilton Unified,Glenn,90.0,25.0,13,52.0,5,20.0,4,16.0,2019
13630990000000.0,13.0,1363099.0,0.0,D,,Calexico Unified,Imperial,879.0,194.0,137,70.62,104,53.61,91,46.91,2019
17640140000000.0,17.0,1764014.0,0.0,D,,Kelseyville Unified,Lake,129.0,45.0,31,68.89,14,31.11,14,31.11,2019
19643110000000.0,19.0,1964311.0,0.0,D,,Beverly Hills Unified,Los Angeles,424.0,145.0,139,95.86,117,80.69,116,80.0,2019
19643370000000.0,19.0,1964337.0,0.0,D,,Burbank Unified,Los Angeles,1331.0,522.0,439,84.1,377,72.22,359,68.77,2019
19644690000000.0,19.0,1964469.0,0.0,D,,Duarte Unified,Los Angeles,405.0,126.0,86,68.25,47,37.3,45,35.71,2019
19645760000000.0,19.0,1964576.0,0.0,D,,Glendora Unified,Los Angeles,639.0,248.0,214,86.29,203,81.85,186,75.0,2019
19647330000000.0,19.0,1964733.0,0.0,D,,Los Angeles Unified,Los Angeles,41873.0,19988.0,10448,52.27,5981,29.92,5493,27.48,2019
19757130000000.0,19.0,1975713.0,0.0,D,,Alhambra Unified,Los Angeles,1902.0,814.0,644,79.12,562,69.04,519,63.76,2019
20755800000000.0,20.0,2075580.0,0.0,D,,Golden Valley Unified,Madera,172.0,47.0,40,85.11,23,48.94,21,44.68,2019
23655650000000.0,23.0,2365565.0,0.0,D,,Fort Bragg Unified,Mendocino,119.0,31.0,28,90.32,18,58.06,18,58.06,2019
27754400000000.0,27.0,2775440.0,0.0,D,,Soledad Unified,Monterey,403.0,141.0,60,42.55,26,18.44,24,17.02,2019
30665480000000.0,30.0,3066548.0,0.0,D,,Huntington Beach Union High,Orange,4150.0,1313.0,1144,87.13,973,74.11,931,70.91,2019
31668450000000.0,31.0,3166845.0,0.0,D,,Loomis Union Elementary,Placer,46.0,18.0,16,88.89,9,50.0,9,50.0,2019
33669850000000.0,33.0,3366985.0,0.0,D,,Banning Unified,Riverside,358.0,74.0,49,66.22,25,33.78,24,32.43,2019
33670580000000.0,33.0,3367058.0,0.0,D,,Desert Sands Unified,Riverside,2493.0,755.0,522,69.14,265,35.1,255,33.77,2019
36677100000000.0,36.0,3667710.0,0.0,D,,Fontana Unified,San Bernardino,2941.0,997.0,565,56.67,307,30.79,276,27.68,2019
44698070000000.0,44.0,4469807.0,0.0,D,,San Lorenzo Valley Unified,Santa Cruz,244.0,50.0,42,84.0,30,60.0,30,60.0,2019
45752670000000.0,45.0,4575267.0,0.0,D,,Gateway Unified,Shasta,168.0,24.0,16,66.67,11,45.83,10,41.67,2019
48705240000000.0,48.0,4870524.0,0.0,D,,Benicia Unified,Solano,406.0,132.0,118,89.39,99,75.0,94,71.21,2019
48705400000000.0,48.0,4870540.0,0.0,D,,Fairfield-Suisun Unified,Solano,1560.0,393.0,299,76.08,206,52.42,192,48.85,2019
50711750000000.0,50.0,5071175.0,0.0,D,,Modesto City High,Stanislaus,3858.0,1067.0,755,70.76,471,44.14,443,41.52,2019
54753250000000.0,54.0,5475325.0,0.0,D,,Farmersville Unified,Tulare,216.0,62.0,23,37.1,7,11.29,7,11.29,2019
56725200000000.0,56.0,5672520.0,0.0,D,,Ojai Unified,Ventura,192.0,49.0,40,81.63,28,57.14,28,57.14,2019
56739400000000.0,56.0,5673940.0,0.0,D,,Moorpark Unified,Ventura,505.0,125.0,109,87.2,90,72.0,87,69.6,2019
1612340000000.0,1.0,161234.0,0.0,D,,Newark Unified,Alameda,460.0,141.0,107,75.89,66,46.81,64,45.39,2019
1751010000000.0,1.0,175101.0,0.0,D,,Pleasanton Unified,Alameda,1251.0,438.0,417,95.21,371,84.7,368,84.02,2019
17640550000000.0,17.0,1764055.0,0.0,D,,Middletown Unified,Lake,154.0,40.0,32,80.0,24,60.0,21,52.5,2019
19642790000000.0,19.0,1964279.0,0.0,D,,Azusa Unified,Los Angeles,668.0,187.0,129,68.98,75,40.11,72,38.5,2019
19643780000000.0,19.0,1964378.0,0.0,D,,Charter Oak Unified,Los Angeles,404.0,165.0,122,73.94,88,53.33,86,52.12,2019
19645680000000.0,19.0,1964568.0,0.0,D,,Glendale Unified,Los Angeles,1978.0,639.0,573,89.67,500,78.25,485,75.9,2019
19753410000000.0,19.0,1975341.0,0.0,D,,Redondo Beach Unified,Los Angeles,757.0,190.0,175,92.11,151,79.47,148,77.89,2019
21733610000000.0,21.0,2173361.0,0.0,D,,Shoreline Unified,Marin,37.0,27.0,14,51.85,9,33.33,6,22.22,2019
28662900000000.0,28.0,2866290.0,0.0,D,,Saint Helena Unified,Napa,121.0,47.0,41,87.23,28,59.57,28,59.57,2019
30666470000000.0,30.0,3066647.0,0.0,D,,Placentia-Yorba Linda Unified,Orange,2162.0,742.0,632,85.18,571,76.95,544,73.32,2019
30736350000000.0,30.0,3073635.0,0.0,D,,Saddleback Valley Unified,Orange,2410.0,691.0,611,88.42,483,69.9,469,67.87,2019
33671570000000.0,33.0,3367157.0,0.0,D,,Nuview Union ,Riverside,157.0,124.0,92,74.19,61,49.19,56,45.16,2019
33671810000000.0,33.0,3367181.0,0.0,D,,Palo Verde Unified,Riverside,246.0,38.0,27,71.05,13,34.21,12,31.58,2019
36738900000000.0,36.0,3673890.0,0.0,D,,Silver Valley Unified,San Bernardino,105.0,25.0,20,80.0,17,68.0,17,68.0,2019
37681890000000.0,37.0,3768189.0,0.0,D,,Lakeside Union Elementary,San Diego,71.0,25.0,23,92.0,18,72.0,18,72.0,2019
37756140000000.0,37.0,3775614.0,0.0,D,,Valley Center-Pauma Unified,San Diego,314.0,109.0,77,70.64,43,39.45,41,37.61,2019
37768510000000.0,37.0,3776851.0,0.0,D,,Bonsall Unified,San Diego,67.0,38.0,28,73.68,15,39.47,15,39.47,2019
39685690000000.0,39.0,3968569.0,0.0,D,,Lincoln Unified,San Joaquin,721.0,207.0,168,81.16,111,53.62,107,51.69,2019
39767600000000.0,39.0,3976760.0,0.0,D,,Lammersville Joint Unified,San Joaquin,283.0,132.0,114,86.36,82,62.12,80,60.61,2019
41689240000000.0,41.0,4168924.0,0.0,D,,Jefferson Union High,San Mateo,1179.0,912.0,575,63.05,412,45.18,386,42.32,2019
41690620000000.0,41.0,4169062.0,0.0,D,,Sequoia Union High,San Mateo,2532.0,894.0,695,77.74,580,64.88,547,61.19,2019
43696410000000.0,43.0,4369641.0,0.0,D,,Palo Alto Unified,Santa Clara,1020.0,367.0,353,96.19,335,91.28,332,90.46,2019
49753900000000.0,49.0,4975390.0,0.0,D,,Healdsburg Unified,Sonoma,158.0,47.0,39,82.98,29,61.7,28,59.57,2019
50755490000000.0,50.0,5075549.0,0.0,D,,Hughson Unified,Stanislaus,168.0,40.0,29,72.5,24,60.0,23,57.5,2019
51714640000000.0,51.0,5171464.0,0.0,D,,Yuba City Unified,Sutter,972.0,205.0,170,82.93,115,56.1,115,56.1,2019
54718370000000.0,54.0,5471837.0,0.0,D,,Burton Elementary,Tulare,81.0,33.0,22,66.67,9,27.27,9,27.27,2019
57727100000000.0,57.0,5772710.0,0.0,D,,Woodland Joint Unified,Yolo,767.0,223.0,153,68.61,97,43.5,89,39.91,2019
1611430000000.0,1.0,161143.0,0.0,D,,Berkeley Unified,Alameda,820.0,321.0,280,87.23,228,71.03,224,69.78,2019
4100410000000.0,4.0,410041.0,0.0,D,,Butte County Office of Education,Butte,207.0,23.0,20,86.96,7,30.43,7,30.43,2019
7617960000000.0,7.0,761796.0,0.0,D,,West Contra Costa Unified,Contra Costa,2520.0,1770.0,778,43.95,431,24.35,397,22.43,2019
10621170000000.0,10.0,1062117.0,0.0,D,,Clovis Unified,Fresno,3305.0,1209.0,1010,83.54,747,61.79,724,59.88,2019
10738090000000.0,10.0,1073809.0,0.0,D,,Firebaugh-Las Deltas Unified,Fresno,170.0,84.0,40,47.62,6,7.14,5,5.95,2019
13632140000000.0,13.0,1363214.0,0.0,D,,San Pasqual Valley Unified,Imperial,49.0,19.0,6,31.58,3,15.79,2,10.53,2019
15739080000000.0,15.0,1573908.0,0.0,D,,McFarland Unified,Kern,209.0,66.0,25,37.88,7,10.61,6,9.09,2019
16639250000000.0,16.0,1663925.0,0.0,D,,Hanford Joint Union High,Kings,897.0,193.0,136,70.47,78,40.41,72,37.31,2019
19644360000000.0,19.0,1964436.0,0.0,D,,Covina-Valley Unified,Los Angeles,1066.0,998.0,461,46.19,279,27.96,246,24.65,2019
19768690000000.0,19.0,1976869.0,0.0,D,,Wiseburn Unified,Los Angeles,428.0,140.0,96,68.57,46,32.86,44,31.43,2019
22655320000000.0,22.0,2265532.0,0.0,D,,Mariposa County Unified,Mariposa,149.0,36.0,33,91.67,27,75.0,26,72.22,2019
24657300000000.0,24.0,2465730.0,0.0,D,,Le Grand Union High,Merced,102.0,46.0,20,43.48,11,23.91,7,15.22,2019
24753170000000.0,24.0,2475317.0,0.0,D,,Dos Palos Oro Loma Joint Unified,Merced,194.0,43.0,22,51.16,9,20.93,7,16.28,2019
29663570000000.0,29.0,2966357.0,0.0,D,,Nevada Joint Union High,Nevada,700.0,175.0,151,86.29,129,73.71,125,71.43,2019
30664310000000.0,30.0,3066431.0,0.0,D,,Anaheim Union High,Orange,5479.0,1490.0,1107,74.3,793,53.22,757,50.81,2019
32669690000000.0,32.0,3266969.0,0.0,D,,Plumas Unified,Plumas,161.0,34.0,28,82.35,23,67.65,22,64.71,2019
33751760000000.0,33.0,3375176.0,0.0,D,,Lake Elsinore Unified,Riverside,1608.0,493.0,339,68.76,220,44.62,201,40.77,2019
35675380000000.0,35.0,3567538.0,0.0,D,,San Benito High,San Benito,807.0,205.0,154,75.12,103,50.24,97,47.32,2019
36677360000000.0,36.0,3667736.0,0.0,D,,Helendale Elementary,San Bernardino,199.0,27.0,23,85.19,8,29.63,8,29.63,2019
36678270000000.0,36.0,3667827.0,0.0,D,,Oro Grande,San Bernardino,647.0,48.0,31,64.58,16,33.33,14,29.17,2019
36678760000000.0,36.0,3667876.0,0.0,D,,San Bernardino City Unified,San Bernardino,3558.0,932.0,523,56.12,261,28.0,242,25.97,2019
37683380000000.0,37.0,3768338.0,0.0,D,,San Diego Unified,San Diego,9418.0,3369.0,2402,71.3,1674,49.69,1588,47.14,2019
37683460000000.0,37.0,3768346.0,0.0,D,,San Dieguito Union High,San Diego,2334.0,707.0,672,95.05,588,83.17,580,82.04,2019
40688090000000.0,40.0,4068809.0,0.0,D,,San Luis Coastal Unified,San Luis Obispo,591.0,185.0,171,92.43,147,79.46,144,77.84,2019
41688900000000.0,41.0,4168890.0,0.0,D,,Cabrillo Unified,San Mateo,251.0,77.0,60,77.92,44,57.14,44,57.14,2019
43694840000000.0,43.0,4369484.0,0.0,D,,Gilroy Unified,Santa Clara,972.0,335.0,248,74.03,178,53.13,166,49.55,2019
48705320000000.0,48.0,4870532.0,0.0,D,,Dixon Unified,Solano,310.0,94.0,73,77.66,62,65.96,59,62.77,2019
49709200000000.0,49.0,4970920.0,0.0,D,,Santa Rosa High,Sonoma,1968.0,413.0,338,81.84,247,59.81,243,58.84,2019
50736010000000.0,50.0,5073601.0,0.0,D,,Newman-Crows Landing Unified,Stanislaus,227.0,66.0,44,66.67,23,34.85,21,31.82,2019
54718600000000.0,54.0,5471860.0,0.0,D,,Cutler-Orosi Joint Unified,Tulare,292.0,122.0,41,33.61,18,14.75,17,13.93,2019
54722490000000.0,54.0,5472249.0,0.0,D,,Tulare Joint Union High,Tulare,1284.0,397.0,234,58.94,159,40.05,139,35.01,2019
57727020000000.0,57.0,5772702.0,0.0,D,,Winters Joint Unified,Yolo,119.0,31.0,24,77.42,16,51.61,16,51.61,2019
5615560000000.0,5.0,561556.0,0.0,D,,Bret Harte Union High,Calaveras,170.0,46.0,42,91.3,29,63.04,29,63.04,2019
11626610000000.0,11.0,1162661.0,0.0,D,,Willows Unified,Glenn,123.0,27.0,14,51.85,6,22.22,5,18.52,2019
13631640000000.0,13.0,1363164.0,0.0,D,,Imperial Unified,Imperial,279.0,78.0,66,84.62,34,43.59,34,43.59,2019
17640220000000.0,17.0,1764022.0,0.0,D,,Konocti Unified,Lake,211.0,43.0,30,69.77,10,23.26,9,20.93,2019
19643520000000.0,19.0,1964352.0,0.0,D,,Centinela Valley Union High,Los Angeles,1875.0,589.0,271,46.01,121,20.54,102,17.32,2019
19647250000000.0,19.0,1964725.0,0.0,D,,Long Beach Unified,Los Angeles,5929.0,3705.0,2084,56.25,1331,35.92,1266,34.17,2019
19752910000000.0,19.0,1975291.0,0.0,D,,San Gabriel Unified,Los Angeles,619.0,242.0,197,81.4,173,71.49,155,64.05,2019
19756630000000.0,19.0,1975663.0,0.0,D,,SBE - New West Charter,Los Angeles,90.0,47.0,43,91.49,33,70.21,32,68.09,2019
28662410000000.0,28.0,2866241.0,0.0,D,,Calistoga Joint Unified,Napa,49.0,16.0,8,50.0,3,18.75,3,18.75,2019
33672490000000.0,33.0,3367249.0,0.0,D,,San Jacinto Unified,Riverside,859.0,252.0,144,57.14,67,26.59,60,23.81,2019
34674130000000.0,34.0,3467413.0,0.0,D,,River Delta Joint Unified,Sacramento,173.0,62.0,39,62.9,20,32.26,19,30.65,2019
35752590000000.0,35.0,3575259.0,0.0,D,,Aromas - San Juan Unified,San Benito,75.0,21.0,16,76.19,12,57.14,10,47.62,2019
36676780000000.0,36.0,3667678.0,0.0,D,,Chino Valley Unified,San Bernardino,2434.0,1788.0,1183,66.16,826,46.2,780,43.62,2019
36750690000000.0,36.0,3675069.0,0.0,D,,Upland Unified,San Bernardino,867.0,296.0,229,77.36,146,49.32,142,47.97,2019
45701360000000.0,45.0,4570136.0,0.0,D,,Shasta Union High,Shasta,1308.0,263.0,237,90.11,197,74.9,192,73.0,2019
47704660000000.0,47.0,4770466.0,0.0,D,,Siskiyou Union High,Siskiyou,150.0,39.0,33,84.62,20,51.28,20,51.28,2019
48705810000000.0,48.0,4870581.0,0.0,D,,Vallejo City Unified,Solano,994.0,277.0,166,59.93,70,25.27,66,23.83,2019
56726520000000.0,56.0,5672652.0,0.0,D,,Ventura Unified,Ventura,1301.0,348.0,293,84.2,218,62.64,214,61.49,2019
56737590000000.0,56.0,5673759.0,0.0,D,,Conejo Valley Unified,Ventura,1767.0,611.0,572,93.62,471,77.09,469,76.76,2019
56768280000000.0,56.0,5676828.0,0.0,D,,Santa Paula Unified,Ventura,429.0,95.0,68,71.58,45,47.37,41,43.16,2019
58727690000000.0,58.0,5872769.0,0.0,D,,Wheatland Union High,Yuba,167.0,52.0,43,82.69,27,51.92,26,50.0,2019
1100170000000.0,1.0,110017.0,0.0,D,,Alameda County Office of Education,Alameda,170.0,67.0,28,41.79,11,16.42,11,16.42,2019
10624300000000.0,10.0,1062430.0,0.0,D,,Selma Unified,Fresno,499.0,142.0,84,59.15,55,38.73,49,34.51,2019
15737420000000.0,15.0,1573742.0,0.0,D,,Sierra Sands Unified,Kern,353.0,86.0,76,88.37,63,73.26,62,72.09,2019
19642950000000.0,19.0,1964295.0,0.0,D,,Bassett Unified,Los Angeles,285.0,91.0,56,61.54,35,38.46,29,31.87,2019
19647090000000.0,19.0,1964709.0,0.0,D,,Lennox,Los Angeles,296.0,233.0,134,57.51,73,31.33,69,29.61,2019
19753330000000.0,19.0,1975333.0,0.0,D,,Manhattan Beach Unified,Los Angeles,610.0,205.0,202,98.54,179,87.32,179,87.32,2019
20652010000000.0,20.0,2065201.0,0.0,D,,Chowchilla Union High,Madera,276.0,86.0,48,55.81,20,23.26,18,20.93,2019
34752830000000.0,34.0,3475283.0,0.0,D,,Natomas Unified,Sacramento,1130.0,527.0,368,69.83,222,42.13,210,39.85,2019
36678010000000.0,36.0,3667801.0,0.0,D,,Needles Unified,San Bernardino,69.0,17.0,10,58.82,5,29.41,4,23.53,2019
40687000000000.0,40.0,4068700.0,0.0,D,,Atascadero Unified,San Luis Obispo,355.0,45.0,40,88.89,29,64.44,29,64.44,2019
40688410000000.0,40.0,4068841.0,0.0,D,,Templeton Unified,San Luis Obispo,203.0,54.0,49,90.74,34,62.96,34,62.96,2019
42693100000000.0,42.0,4269310.0,0.0,D,,Santa Maria Joint Union High,Santa Barbara,1949.0,417.0,286,68.59,206,49.4,192,46.04,2019
42767860000000.0,42.0,4276786.0,0.0,D,,Santa Barbara Unified,Santa Barbara,1669.0,540.0,476,88.15,379,70.19,371,68.7,2019
49706560000000.0,49.0,4970656.0,0.0,D,,Cloverdale Unified,Sonoma,85.0,21.0,10,47.62,4,19.05,2,9.52,2019
49709530000000.0,49.0,4970953.0,0.0,D,,Sonoma Valley Unified,Sonoma,293.0,91.0,71,78.02,53,58.24,50,54.95,2019
54719930000000.0,54.0,5471993.0,0.0,D,,Lindsay Unified,Tulare,293.0,100.0,55,55.0,15,15.0,12,12.0,2019
4614240000000.0,4.0,461424.0,0.0,D,,Chico Unified,Butte,1175.0,294.0,253,86.05,211,71.77,201,68.37,2019
5615640000000.0,5.0,561564.0,0.0,D,,Calaveras Unified,Calaveras,216.0,37.0,34,91.89,26,70.27,26,70.27,2019
7616480000000.0,7.0,761648.0,0.0,D,,Antioch Unified,Contra Costa,1543.0,286.0,191,66.78,117,40.91,106,37.06,2019
10622570000000.0,10.0,1062257.0,0.0,D,,Kingsburg Joint Union High,Fresno,276.0,80.0,62,77.5,47,58.75,44,55.0,2019
11754810000000.0,11.0,1175481.0,0.0,D,,Orland Joint Unified,Glenn,177.0,32.0,28,87.5,14,43.75,14,43.75,2019
13630810000000.0,13.0,1363081.0,0.0,D,,Brawley Union High,Imperial,471.0,131.0,86,65.65,38,29.01,37,28.24,2019
15638180000000.0,15.0,1563818.0,0.0,D,,Taft Union High,Kern,238.0,46.0,33,71.74,15,32.61,15,32.61,2019
16739320000000.0,16.0,1673932.0,0.0,D,,Reef-Sunset Unified,Kings,165.0,63.0,21,33.33,9,14.29,8,12.7,2019
19642120000000.0,19.0,1964212.0,0.0,D,,ABC Unified,Los Angeles,1663.0,631.0,521,82.57,420,66.56,403,63.87,2019
19644440000000.0,19.0,1964444.0,0.0,D,,Culver City Unified,Los Angeles,556.0,223.0,187,83.86,120,53.81,118,52.91,2019
19648570000000.0,19.0,1964857.0,0.0,D,,Palmdale Elementary,Los Angeles,402.0,111.0,83,74.77,34,30.63,33,29.73,2019
19649800000000.0,19.0,1964980.0,0.0,D,,Santa Monica-Malibu Unified,Los Angeles,899.0,359.0,313,87.19,253,70.47,250,69.64,2019
26736920000000.0,26.0,2673692.0,0.0,D,,Mammoth Unified,Mono,107.0,26.0,24,92.31,15,57.69,15,57.69,2019
27660680000000.0,27.0,2766068.0,0.0,D,,South Monterey County Joint Union High,Monterey,557.0,176.0,85,48.3,29,16.48,26,14.77,2019
28662660000000.0,28.0,2866266.0,0.0,D,,Napa Valley Unified,Napa,1513.0,492.0,354,71.95,241,48.98,227,46.14,2019
30664640000000.0,30.0,3066464.0,0.0,D,,Capistrano Unified,Orange,4805.0,1332.0,1211,90.92,998,74.92,978,73.42,2019
30665550000000.0,30.0,3066555.0,0.0,D,,Laguna Beach Unified,Orange,295.0,57.0,55,96.49,45,78.95,45,78.95,2019
33669930000000.0,33.0,3366993.0,0.0,D,,Beaumont Unified,Riverside,735.0,577.0,338,58.58,166,28.77,159,27.56,2019
37682130000000.0,37.0,3768213.0,0.0,D,,Mountain Empire Unified,San Diego,342.0,39.0,30,76.92,15,38.46,14,35.9,2019
37684110000000.0,37.0,3768411.0,0.0,D,,Sweetwater Union High,San Diego,7934.0,2608.0,2005,76.88,1406,53.91,1335,51.19,2019
41690470000000.0,41.0,4169047.0,0.0,D,,San Mateo Union High,San Mateo,2359.0,976.0,870,89.14,743,76.13,720,73.77,2019
43694680000000.0,43.0,4369468.0,0.0,D,,Fremont Union High,Santa Clara,2761.0,878.0,814,92.71,782,89.07,764,87.02,2019
49708620000000.0,49.0,4970862.0,0.0,D,,Petaluma Joint Union High,Sonoma,889.0,277.0,238,85.92,179,64.62,176,63.54,2019
54755230000000.0,54.0,5475523.0,0.0,D,,Porterville Unified,Tulare,1665.0,380.0,234,61.58,133,35.0,119,31.32,2019
56724540000000.0,56.0,5672454.0,0.0,D,,Fillmore Unified,Ventura,298.0,116.0,84,72.41,61,52.59,57,49.14,2019
3739810000000.0,3.0,373981.0,0.0,D,,Amador County Unified,Amador,290.0,53.0,44,83.02,35,66.04,33,62.26,2019
10621250000000.0,10.0,1062125.0,0.0,D,,Coalinga-Huron Unified,Fresno,288.0,59.0,38,64.41,15,25.42,15,25.42,2019
15637760000000.0,15.0,1563776.0,0.0,D,,Southern Kern Unified,Kern,234.0,40.0,29,72.5,14,35.0,14,35.0,2019
19643940000000.0,19.0,1964394.0,0.0,D,,Claremont Unified,Los Angeles,616.0,263.0,234,88.97,181,68.82,175,66.54,2019
19644510000000.0,19.0,1964451.0,0.0,D,,Downey Unified,Los Angeles,2147.0,731.0,543,74.28,353,48.29,331,45.28,2019
19646590000000.0,19.0,1964659.0,0.0,D,,La Canada Unified,Los Angeles,347.0,170.0,163,95.88,158,92.94,156,91.76,2019
19650290000000.0,19.0,1965029.0,0.0,D,,South Pasadena Unified,Los Angeles,370.0,181.0,175,96.69,160,88.4,159,87.85,2019
19650520000000.0,19.0,1965052.0,0.0,D,,Temple City Unified,Los Angeles,518.0,235.0,219,93.19,195,82.98,186,79.15,2019
19650600000000.0,19.0,1965060.0,0.0,D,,Torrance Unified,Los Angeles,2115.0,795.0,695,87.42,577,72.58,562,70.69,2019
19734600000000.0,19.0,1973460.0,0.0,D,,Walnut Valley Unified,Los Angeles,1424.0,809.0,721,89.12,654,80.84,625,77.26,2019
19753090000000.0,19.0,1975309.0,0.0,D,,Acton-Agua Dulce Unified,Los Angeles,1268.0,112.0,74,66.07,34,30.36,31,27.68,2019
19769680000000.0,19.0,1976968.0,0.0,D,,SBE - Academia Avance Charter,Los Angeles,65.0,42.0,15,35.71,6,14.29,5,11.9,2019
20764140000000.0,20.0,2076414.0,0.0,D,,Yosemite Unified,Madera,202.0,57.0,48,84.21,27,47.37,26,45.61,2019
33671160000000.0,33.0,3367116.0,0.0,D,,Menifee Union Elementary,Riverside,113.0,52.0,47,90.38,28,53.85,28,53.85,2019
33736760000000.0,33.0,3373676.0,0.0,D,,Coachella Valley Unified,Riverside,1244.0,344.0,167,48.55,83,24.13,76,22.09,2019
39103970000000.0,39.0,3910397.0,0.0,D,,San Joaquin County Office of Education,San Joaquin,823.0,78.0,48,61.54,19,24.36,19,24.36,2019
44697990000000.0,44.0,4469799.0,0.0,D,,Pajaro Valley Unified,Santa Cruz,1315.0,372.0,230,61.83,142,38.17,133,35.75,2019
44754320000000.0,44.0,4475432.0,0.0,D,,Scotts Valley Unified,Santa Cruz,194.0,90.0,84,93.33,73,81.11,73,81.11,2019
50755560000000.0,50.0,5075556.0,0.0,D,,Riverbank Unified,Stanislaus,179.0,40.0,23,57.5,13,32.5,11,27.5,2019
57726780000000.0,57.0,5772678.0,0.0,D,,Davis Joint Unified,Yolo,717.0,307.0,293,95.44,274,89.25,268,87.3,2019
